Address,Content Type,Status Code,Status,Indexability,Indexability Status,Title 1,Title 1 Length,Title 1 Pixel Width,Meta Description 1,Meta Description 1 Length,Meta Description 1 Pixel Width,Meta Keywords 1,Meta Keywords 1 Length,H1-1,H1-1 Length,H2-1,H2-1 Length,H2-2,H2-2 Length,Meta Robots 1,X-Robots-Tag 1,Meta Refresh 1,Canonical Link Element 1,"rel=""next"" 1","rel=""prev"" 1","HTTP rel=""next"" 1","HTTP rel=""prev"" 1",amphtml Link Element,Size (bytes),Transferred (bytes),Total Transferred (bytes),CO2 (mg),Carbon Rating,Word Count,Sentence Count,Average Words Per Sentence,Flesch Reading Ease Score,Readability,Text Ratio,Crawl Depth,Folder Depth,Link Score,Inlinks,Unique Inlinks,Unique JS Inlinks,% of Total,Outlinks,Unique Outlinks,Unique JS Outlinks,External Outlinks,Unique External Outlinks,Unique External JS Outlinks,Closest Near Duplicate Match,No. Near Duplicates,Spelling Errors,Grammar Errors,Hash,Response Time,Last Modified,Redirect URL,Redirect Type,Cookies,Language,HTTP Version,Mobile Alternate Link,Closest Semantically Similar Address,Semantic Similarity Score,No. Semantically Similar,Semantic Relevance Score,URL Encoded Address,Crawl Timestamp
https://sevenroofing.com.au/,text/html; charset=UTF-8,200,OK,Indexable,,Roof Repairs Melbourne | Quality Roof Restoration | Seven Roofing,65,587,"At Seven Roofing, we offer expert Roof Repairs in and across Melbourne. Specializing in Roof Restoration, we offer durable, weather-resistant solutions. Get a free quote today!",176,1078,,0,Experienced Roofing Repairs and Restoration Specialists in Melbourne,68,Roof Restoration & Replacement Melbourne,40,Our Expert Services,19,"follow, index, max-snippet:-1, max-video-preview:-1, max-image-preview:large",,,https://sevenroofing.com.au/,,,,,,130926,31385,31385,12.023,,662,126,5.254,70.641,Fairly Easy,3.501,0,0,,197,34,0,100,77,33,0,0,0,0,,,,,64ed611d4ac579aae787ad565d54a723,0.116,"Wed, 25 Feb 2026 21:31:44 GMT",,,,en-AU,1.1,,,,,,https://sevenroofing.com.au/,26/02/2026 14:37
https://sevenroofing.com.au/wp-content/uploads/2021/04/brand_nutech-213x80.png,image/png,200,OK,Indexable,,,0,0,,0,0,,0,,0,,0,,0,,,,,,,,,,2459,2459,2459,0.942,,0,,,,,0,1,4,,0,0,0,0,0,0,0,0,0,0,,,,,,0.032,"Thu, 23 Nov 2023 06:01:21 GMT",,,,,1.1,,,,,,https://sevenroofing.com.au/wp-content/uploads/2021/04/brand_nutech-213x80.png,26/02/2026 14:37
https://sevenroofing.com.au/wp-content/uploads/2021/04/brand_colorbond-1-213x80.png,image/png,200,OK,Indexable,,,0,0,,0,0,,0,,0,,0,,0,,,,,,,,,,1325,1325,1325,0.508,,0,,,,,0,1,4,,0,0,0,0,0,0,0,0,0,0,,,,,,0.112,"Thu, 23 Nov 2023 06:00:54 GMT",,,,,1.1,,,,,,https://sevenroofing.com.au/wp-content/uploads/2021/04/brand_colorbond-1-213x80.png,26/02/2026 14:37
https://sevenroofing.com.au/wp-content/themes/sevenroofing/assets/images/icon_call_dark.svg,image/svg+xml,200,OK,Indexable,,,0,0,,0,0,,0,,0,,0,,0,,,,,,,,,,0,0,0,0,,0,,,,,0,1,5,,0,0,0,0,0,0,0,0,0,0,,,,,,0.119,"Thu, 23 Nov 2023 05:56:24 GMT",,,,,1.1,,,,,,https://sevenroofing.com.au/wp-content/themes/sevenroofing/assets/images/icon_call_dark.svg,26/02/2026 14:37
https://sevenroofing.com.au/wp-content/uploads/2022/01/roof-replacement.jpg,image/jpeg,200,OK,Indexable,,,0,0,,0,0,,0,,0,,0,,0,,,,,,,,,,15098,15098,15098,5.784,,0,,,,,0,1,4,,0,0,0,0,0,0,0,0,0,0,,,,,,0.136,"Thu, 23 Nov 2023 06:06:35 GMT",,,,,1.1,,,,,,https://sevenroofing.com.au/wp-content/uploads/2022/01/roof-replacement.jpg,26/02/2026 14:37
https://sevenroofing.com.au/wp-content/uploads/2021/04/icon_moneyback.svg,image/svg+xml,200,OK,Indexable,,,0,0,,0,0,,0,,0,,0,,0,,,,,,,,,,0,0,0,0,,0,,,,,0,1,4,,0,0,0,0,0,0,0,0,0,0,,,,,,0.125,"Thu, 23 Nov 2023 05:59:37 GMT",,,,,1.1,,,,,,https://sevenroofing.com.au/wp-content/uploads/2021/04/icon_moneyback.svg,26/02/2026 14:37
https://sevenroofing.com.au/wp-content/uploads/2021/04/bg_whychoose.jpg,image/jpeg,200,OK,Indexable,,,0,0,,0,0,,0,,0,,0,,0,,,,,,,,,,38702,38702,38702,14.826,,0,,,,,0,1,4,,0,0,0,0,0,0,0,0,0,0,,,,,,0.141,"Thu, 23 Nov 2023 05:59:02 GMT",,,,,1.1,,,,,,https://sevenroofing.com.au/wp-content/uploads/2021/04/bg_whychoose.jpg,26/02/2026 14:37
https://sevenroofing.com.au/wp-content/uploads/2021/04/icon_paymentplan.svg,image/svg+xml,200,OK,Indexable,,,0,0,,0,0,,0,,0,,0,,0,,,,,,,,,,0,0,0,0,,0,,,,,0,1,4,,0,0,0,0,0,0,0,0,0,0,,,,,,0.033,"Thu, 23 Nov 2023 06:01:37 GMT",,,,,1.1,,,,,,https://sevenroofing.com.au/wp-content/uploads/2021/04/icon_paymentplan.svg,26/02/2026 14:37
https://sevenroofing.com.au/areas-we-serve/essendon/,text/html; charset=UTF-8,200,OK,Indexable,,Roof Repairs & Restoration Essendon | Roof & Gutter Replacement,63,587,"Ensure a durable roof with expert Roof Repairs in Essendon. We specialise in Roof Restoration, Leak Repair, Gutter & Roof Replacement. Contact Seven Roofing today!",163,1024,,0,Roof Repairs & Restoration – Essendon,37,Roofing Services Available In Essendon,38,Roof Restoration,16,"follow, index, max-snippet:-1, max-video-preview:-1, max-image-preview:large",,,https://sevenroofing.com.au/areas-we-serve/essendon/,,,,,,134074,30683,30683,11.754,,613,126,4.865,68.856,Normal,3.219,1,2,,60,34,0,100,77,34,0,0,0,0,,,,,5480db16e093aa7c8009874a9a0d38fe,0.128,"Thu, 26 Feb 2026 00:48:48 GMT",,,,en-AU,1.1,,,,,,https://sevenroofing.com.au/areas-we-serve/essendon/,26/02/2026 14:37
https://sevenroofing.com.au/areas-we-serve/brunswick/,text/html; charset=UTF-8,200,OK,Indexable,,Roof Repairs & Restoration Brunswick | Roof & Gutter Replacement,64,592,"Experience superior roofing solutions with Seven Roofing. Our skilled team handles Roof Repairs, Roof Restoration, Roof Leak Repair, Roof & Gutter Replacement in Brunswick.",172,1077,,0,Roof Restoration & Replacement – Brunswick,42,Roofing Services Available In Brunswick,39,Roof Repairs and Painting,25,"follow, index, max-snippet:-1, max-video-preview:-1, max-image-preview:large",,,https://sevenroofing.com.au/areas-we-serve/brunswick/,,,,,,137836,32777,32777,12.556,,858,145,5.917,73.337,Fairly Easy,4.167,1,2,,60,34,0,100,76,34,0,0,0,0,,,,,eb74e0197b33584fd838ee1ab7cf73b4,0.14,"Thu, 26 Feb 2026 00:24:28 GMT",,,,en-AU,1.1,,,,,,https://sevenroofing.com.au/areas-we-serve/brunswick/,26/02/2026 14:37
https://sevenroofing.com.au/wp-content/uploads/2021/04/logo_hia.svg,image/svg+xml,200,OK,Indexable,,,0,0,,0,0,,0,,0,,0,,0,,,,,,,,,,0,0,0,0,,0,,,,,0,1,4,,0,0,0,0,0,0,0,0,0,0,,,,,,0.024,"Thu, 23 Nov 2023 06:00:40 GMT",,,,,1.1,,,,,,https://sevenroofing.com.au/wp-content/uploads/2021/04/logo_hia.svg,26/02/2026 14:37
https://sevenroofing.com.au/wp-content/cache/min/1/wp-content/themes/sevenroofing/assets/css/common-critical.css?ver=1770203543,text/css,200,OK,Indexable,,,0,0,,0,0,,0,,0,,0,,0,,,,,,,,,,0,0,0,0,,0,,,,,0,1,9,,0,0,0,0,0,0,0,0,0,0,,,,,,0.102,"Wed, 04 Feb 2026 11:12:23 GMT",,,,,1.1,,,,,,https://sevenroofing.com.au/wp-content/cache/min/1/wp-content/themes/sevenroofing/assets/css/common-critical.css?ver=1770203543,26/02/2026 14:37
https://sevenroofing.com.au/wp-content/uploads/2021/04/icon_sourced.svg,image/svg+xml,200,OK,Indexable,,,0,0,,0,0,,0,,0,,0,,0,,,,,,,,,,0,0,0,0,,0,,,,,0,1,4,,0,0,0,0,0,0,0,0,0,0,,,,,,0.105,"Thu, 23 Nov 2023 05:59:37 GMT",,,,,1.1,,,,,,https://sevenroofing.com.au/wp-content/uploads/2021/04/icon_sourced.svg,26/02/2026 14:37
https://sevenroofing.com.au/about/,text/html; charset=UTF-8,200,OK,Indexable,,About Roofing Repairs & Restoration Expert | Roof Guttering,59,530,"As HIA Members, the team at Seven Roofing is committed to enhancing your property through a range of roof & gutter services. Contact us for a free quote and fixed prices!",170,1057,,0,About,5,About Seven Roofing,19,Why Choose Seven Roofing?,25,"follow, index, max-snippet:-1, max-video-preview:-1, max-image-preview:large",,,https://sevenroofing.com.au/about/,,,,,,102088,25563,25563,9.793,,221,40,5.525,73.37,Fairly Easy,1.955,1,1,,70,34,0,100,52,32,0,0,0,0,,,,,8b7015431eae641e2a0591e6d32b6940,0.141,"Wed, 25 Feb 2026 17:03:26 GMT",,,,en-AU,1.1,,,,,,https://sevenroofing.com.au/about/,26/02/2026 14:37
https://sevenroofing.com.au/services/roof-repairs/,text/html; charset=UTF-8,200,OK,Indexable,,Roof Leak Repairs Melbourne | Fast & Reliable Leak Detection | Seven Roofing,76,690,"Stop water damage with expert Roof Leak Repairs in Melbourne. We provide fast, reliable leak detection & effective repairs, ensuring long-lasting protection. Contact us today!",175,1070,,0,Roof Leak Repairs – Melbourne,29,Melbourne’s Best Roofing Specialists,36,Why Choose Seven Roofing?,25,"follow, index, max-snippet:-1, max-video-preview:-1, max-image-preview:large",,,https://sevenroofing.com.au/services/roof-repairs/,,,,,,111898,28180,28180,10.795,,447,71,6.296,66.069,Normal,3.075,1,2,,105,34,0,100,51,32,0,0,0,0,,,,,c33abf7bef61a65947e09d4d584f9914,0.129,"Wed, 25 Feb 2026 21:44:03 GMT",,,,en-AU,1.1,,,,,,https://sevenroofing.com.au/services/roof-repairs/,26/02/2026 14:37
https://sevenroofing.com.au/wp-content/uploads/2021/04/icon_fullyqualify.svg,image/svg+xml,200,OK,Indexable,,,0,0,,0,0,,0,,0,,0,,0,,,,,,,,,,0,0,0,0,,0,,,,,0,1,4,,0,0,0,0,0,0,0,0,0,0,,,,,,0.025,"Thu, 23 Nov 2023 05:59:28 GMT",,,,,1.1,,,,,,https://sevenroofing.com.au/wp-content/uploads/2021/04/icon_fullyqualify.svg,26/02/2026 14:37
https://sevenroofing.com.au/areas-we-serve/moonee-ponds/,text/html; charset=UTF-8,200,OK,Indexable,,Roof Repairs & Restoration Moonee Ponds | Roof & Gutter Replacement,67,634,"Ensure a durable roof with expert Roof Repairs in Moonee Ponds. We specialise in Roof Restoration, Leak Repair, Gutter & Roof Replacement. Contact Seven Roofing today!",167,1056,,0,Roof Repairs & Restoration – Moonee Ponds,41,Roofing Services Available In Moonee Ponds,42,Roof Restoration,16,"follow, index, max-snippet:-1, max-video-preview:-1, max-image-preview:large",,,https://sevenroofing.com.au/areas-we-serve/moonee-ponds/,,,,,,136313,31937,31937,12.234,,606,124,4.887,71.484,Fairly Easy,3.148,1,2,,60,34,0,100,77,34,0,0,0,0,,,,,5f3f7992eba5b0c7ca20790849b2edb8,0.036,"Thu, 26 Feb 2026 00:31:35 GMT",,,,en-AU,1.1,,,,,,https://sevenroofing.com.au/areas-we-serve/moonee-ponds/,26/02/2026 14:37
https://sevenroofing.com.au/wp-content/uploads/2021/04/logo.png,image/png,200,OK,Indexable,,,0,0,,0,0,,0,,0,,0,,0,,,,,,,,,,2144,2144,2144,0.821,,0,,,,,0,1,4,,0,0,0,0,0,0,0,0,0,0,,,,,,0.029,"Thu, 23 Nov 2023 06:01:49 GMT",,,,,1.1,,,,,,https://sevenroofing.com.au/wp-content/uploads/2021/04/logo.png,26/02/2026 14:37
https://sevenroofing.com.au/services/,text/html; charset=UTF-8,200,OK,Indexable,,"Roof Replacement, Restoration, Repairs and Guttering | Seven Roofing",68,622,"All your roofing services are covered with Seven Roofing. We offer roof repairs, roof restoration, roof replacement and roof guttering solutions. Get a free quote.",163,980,,0,Services,8,Roof Restorations,17,Roof Repairs,12,"follow, index, max-snippet:-1, max-video-preview:-1, max-image-preview:large",,,https://sevenroofing.com.au/services/,,,,,,99944,24424,24424,9.356,,26,9,2.889,100,Very Easy,0.797,1,1,,70,34,0,100,52,32,0,0,0,0,,,,,a4e800a06267ee804544db4d2b358d56,0.14,"Wed, 25 Feb 2026 17:04:26 GMT",,,,en-AU,1.1,,,,,,https://sevenroofing.com.au/services/,26/02/2026 14:37
https://sevenroofing.com.au/wp-content/uploads/2021/04/icon_fixedupfront-1.svg,image/svg+xml,200,OK,Indexable,,,0,0,,0,0,,0,,0,,0,,0,,,,,,,,,,0,0,0,0,,0,,,,,0,1,4,,0,0,0,0,0,0,0,0,0,0,,,,,,0.033,"Thu, 23 Nov 2023 05:58:44 GMT",,,,,1.1,,,,,,https://sevenroofing.com.au/wp-content/uploads/2021/04/icon_fixedupfront-1.svg,26/02/2026 14:37
https://sevenroofing.com.au/areas-we-serve/greenvale/,text/html; charset=UTF-8,200,OK,Indexable,,Roof Repairs & Restoration Greenvale | Roof & Gutter Replacement,64,592,"Seven Roofing specialises in comprehensive Roof services, including Roof Repairs, Roof Restoration, Roof Leak Repair, Roof & Gutter Replacement in Greenvale. Get in touch!",171,1065,,0,Roof Repairs and Restoration Services – Greenvale,49,Roofing Services Available In Greenvale,39,How We Work,11,"follow, index, max-snippet:-1, max-video-preview:-1, max-image-preview:large",,,https://sevenroofing.com.au/areas-we-serve/greenvale/,,,,,,135039,31909,31909,12.224,,614,130,4.723,72.937,Fairly Easy,3.172,1,2,,60,34,0,100,77,34,0,0,0,0,,,,,e068bc2091da4148a4de33a47bd6aae9,0.041,"Wed, 25 Feb 2026 17:09:14 GMT",,,,en-AU,1.1,,,,,,https://sevenroofing.com.au/areas-we-serve/greenvale/,26/02/2026 14:37
https://sevenroofing.com.au/services/roof-restorations/,text/html; charset=UTF-8,200,OK,Indexable,,Roof Restorations Services | Roofing Contractor | Seven Roofing,63,566,Get all the benefits of a new roof without having to do a full replacement! Seven Roofing offers comprehensive roof restorations to transform your roof. Get a free quote.,170,1037,,0,Roof Restorations,17,Why Choose Seven Roofing?,25,Brands,6,"follow, index, max-snippet:-1, max-video-preview:-1, max-image-preview:large",,,https://sevenroofing.com.au/services/roof-restorations/,,,,,,109809,28047,28047,10.744,,260,46,5.652,71.595,Fairly Easy,2.014,1,2,,99,34,0,100,49,32,0,0,0,0,,,,,b66e6015e2cbf8272b230354a77d4b84,0.152,"Wed, 25 Feb 2026 17:07:13 GMT",,,,en-AU,1.1,,,,,,https://sevenroofing.com.au/services/roof-restorations/,26/02/2026 14:37
https://sevenroofing.com.au/wp-content/themes/sevenroofing/assets/css/dev.css?ver=6.9.1,text/css,200,OK,Indexable,,,0,0,,0,0,,0,,0,,0,,0,,,,,,,,,,0,0,0,0,,0,,,,,0,1,5,,0,0,0,0,0,0,0,0,0,0,,,,,,0.126,"Thu, 23 Nov 2023 05:56:24 GMT",,,,,1.1,,,,,,https://sevenroofing.com.au/wp-content/themes/sevenroofing/assets/css/dev.css?ver=6.9.1,26/02/2026 14:37
https://sevenroofing.com.au/wp-content/uploads/2021/04/icon_hia.svg,image/svg+xml,200,OK,Indexable,,,0,0,,0,0,,0,,0,,0,,0,,,,,,,,,,0,0,0,0,,0,,,,,0,1,4,,0,0,0,0,0,0,0,0,0,0,,,,,,0.027,"Thu, 23 Nov 2023 05:58:29 GMT",,,,,1.1,,,,,,https://sevenroofing.com.au/wp-content/uploads/2021/04/icon_hia.svg,26/02/2026 14:37
https://sevenroofing.com.au/wp-content/uploads/2021/04/brand_starpoint-213x80.png,image/png,200,OK,Indexable,,,0,0,,0,0,,0,,0,,0,,0,,,,,,,,,,1020,1020,1020,0.391,,0,,,,,0,1,4,,0,0,0,0,0,0,0,0,0,0,,,,,,0.025,"Thu, 23 Nov 2023 05:57:49 GMT",,,,,1.1,,,,,,https://sevenroofing.com.au/wp-content/uploads/2021/04/brand_starpoint-213x80.png,26/02/2026 14:37
https://sevenroofing.com.au/wp-content/uploads/2021/04/gallery_before_01.jpg,image/jpeg,200,OK,Indexable,,,0,0,,0,0,,0,,0,,0,,0,,,,,,,,,,35171,35171,35171,13.473,,0,,,,,0,1,4,,0,0,0,0,0,0,0,0,0,0,,,,,,0.138,"Thu, 23 Nov 2023 06:01:07 GMT",,,,,1.1,,,,,,https://sevenroofing.com.au/wp-content/uploads/2021/04/gallery_before_01.jpg,26/02/2026 14:37
https://sevenroofing.com.au/wp-content/cache/min/1/wp-content/plugins/contact-form-7/includes/css/styles.css?ver=1770203543,text/css,200,OK,Indexable,,,0,0,,0,0,,0,,0,,0,,0,,,,,,,,,,0,0,0,0,,0,,,,,0,1,9,,0,0,0,0,0,0,0,0,0,0,,,,,,0.106,"Wed, 04 Feb 2026 11:12:23 GMT",,,,,1.1,,,,,,https://sevenroofing.com.au/wp-content/cache/min/1/wp-content/plugins/contact-form-7/includes/css/styles.css?ver=1770203543,26/02/2026 14:37
https://sevenroofing.com.au/areas-we-serve/bundoora/,text/html; charset=UTF-8,200,OK,Indexable,,Roof Repairs & Restoration Bundoora | Roof & Gutter Replacement,63,586,"Seven Roofing specialises in comprehensive Roof services, including Roof Repairs, Restoration, Leak Repairs, Roof & Gutter Replacement in Bundoora. Get in touch today!",167,1045,,0,Bundoora – Roof Repairs and Restoration Services,48,Roofing Services Available In Bundoora,38,Comprehensive Roof Renovations and Repairs,42,"follow, index, max-snippet:-1, max-video-preview:-1, max-image-preview:large",,,https://sevenroofing.com.au/areas-we-serve/bundoora/,,,,,,134433,31080,31080,11.906,,595,123,4.837,78.793,Fairly Easy,3.004,1,2,,60,34,0,100,76,34,0,0,0,0,,,,,c034c3649e4ea4f3b782fafa57631558,0.135,"Wed, 25 Feb 2026 20:36:32 GMT",,,,en-AU,1.1,,,,,,https://sevenroofing.com.au/areas-we-serve/bundoora/,26/02/2026 14:37
https://sevenroofing.com.au/testimonials/,text/html; charset=UTF-8,200,OK,Indexable,,Customer Reviews and Testimonials | Seven Roofing,49,469,Want to learn more about our roof and gutter services? There's no-one better to ask than our customers! Explore our customer reviews and get to know Seven Roofing.,163,1026,,0,Customer Reviews & Testimonials,31,Client Reviews,14,,0,"follow, index, max-snippet:-1, max-video-preview:-1, max-image-preview:large",,,https://sevenroofing.com.au/testimonials/,,,,,,99367,25470,25470,9.757,,184,33,5.576,95.885,Very Easy,1.648,1,1,,36,34,0,100,48,32,0,0,0,0,,,,,d11ec8ebb6fde55c4af26aab3512b49c,0.136,"Thu, 26 Feb 2026 00:31:35 GMT",,,,en-AU,1.1,,,,,,https://sevenroofing.com.au/testimonials/,26/02/2026 14:37
https://sevenroofing.com.au/areas-we-serve/st-albans/,text/html; charset=UTF-8,200,OK,Indexable,,Roof Repairs & Restoration St Albans | Roof & Gutter Replacement,64,586,"Extend your roof’s lifespan with expert Roof Repairs in St Albans. From Roof Restoration to Roof Leak Repair, Gutter & Roof Replacement, we ensure weatherproof, durable solutions.",179,1119,,0,Roof Repairs and Restoration Services in St Albans,50,Roofing Services Available In St Albans,39,Why Work with Seven Roofing?,28,"follow, index, max-snippet:-1, max-video-preview:-1, max-image-preview:large",,,https://sevenroofing.com.au/areas-we-serve/st-albans/,,,,,,135290,31919,31919,12.228,,617,126,4.897,74.896,Fairly Easy,3.141,1,2,,60,34,0,100,77,34,0,0,0,0,,,,,45edac63fdaf0586180574f703d2faa4,0.041,"Thu, 26 Feb 2026 00:39:14 GMT",,,,en-AU,1.1,,,,,,https://sevenroofing.com.au/areas-we-serve/st-albans/,26/02/2026 14:37
https://sevenroofing.com.au/wp-content/themes/sevenroofing/assets/images/icon_plane_light.svg,image/svg+xml,200,OK,Indexable,,,0,0,,0,0,,0,,0,,0,,0,,,,,,,,,,0,0,0,0,,0,,,,,0,1,5,,0,0,0,0,0,0,0,0,0,0,,,,,,0.11,"Thu, 23 Nov 2023 05:56:24 GMT",,,,,1.1,,,,,,https://sevenroofing.com.au/wp-content/themes/sevenroofing/assets/images/icon_plane_light.svg,26/02/2026 14:37
https://sevenroofing.com.au/areas-we-serve/,text/html; charset=UTF-8,200,OK,Indexable,,Areas We Serve - Roof Repairs & Restoration | Seven Roofing,59,539,"Seven Roofing offers roof restorations & repairs in Brunswick, Epping, Preston, Coburg, Reservoir, Thomastown, Campbellfield, Heidelberg, Thornbury, Bundoora. Call Us.",167,1040,,0,Areas We Serve,14,Roofing Services Near You,25,Client Reviews,14,"follow, index, max-snippet:-1, max-video-preview:-1, max-image-preview:large",,,https://sevenroofing.com.au/areas-we-serve/,,,,,,110256,27225,27225,10.429,,148,46,3.217,83.529,Easy,1.351,1,1,,70,34,0,100,71,34,0,0,0,0,,,,,771e8fc9d37663cd68a6a94a6878f753,0.592,"Thu, 26 Feb 2026 03:37:36 GMT",,,,en-AU,1.1,,,,,,https://sevenroofing.com.au/areas-we-serve/,26/02/2026 14:37
https://sevenroofing.com.au/areas-we-serve/thornbury/,text/html; charset=UTF-8,200,OK,Indexable,,Roof Repairs & Restoration Thornbury | Roof & Gutter Replacement,64,591,"Protect your home with expert Roof Repairs in Thornbury. We specialise in Roof Restoration, Roof Leak Repair, Gutter & Roof Replacement for lasting durability. Call us!",168,1030,,0,Roof Repairs and Restorations in Thornbury,42,Roofing Services Available In Thornbury,39,Roof Renovations and Repair Services:,37,"follow, index, max-snippet:-1, max-video-preview:-1, max-image-preview:large",,,https://sevenroofing.com.au/areas-we-serve/thornbury/,,,,,,135914,31380,31380,12.021,,666,132,5.045,73.671,Fairly Easy,3.351,1,2,,60,34,0,100,76,34,0,0,0,0,,,,,a638a352156924885f8326cb63aa86ff,0.037,"Wed, 25 Feb 2026 17:12:09 GMT",,,,en-AU,1.1,,,,,,https://sevenroofing.com.au/areas-we-serve/thornbury/,26/02/2026 14:37
https://sevenroofing.com.au/wp-content/cache/min/1/wp-content/themes/sevenroofing/assets/css/home.css?ver=1770203543,text/css,200,OK,Indexable,,,0,0,,0,0,,0,,0,,0,,0,,,,,,,,,,0,0,0,0,,0,,,,,0,1,9,,0,0,0,0,0,0,0,0,0,0,,,,,,0.031,"Wed, 04 Feb 2026 11:12:23 GMT",,,,,1.1,,,,,,https://sevenroofing.com.au/wp-content/cache/min/1/wp-content/themes/sevenroofing/assets/css/home.css?ver=1770203543,26/02/2026 14:37
https://sevenroofing.com.au/wp-content/uploads/2021/04/icon_moneyback-1.svg,image/svg+xml,200,OK,Indexable,,,0,0,,0,0,,0,,0,,0,,0,,,,,,,,,,0,0,0,0,,0,,,,,0,1,4,,0,0,0,0,0,0,0,0,0,0,,,,,,0.116,"Thu, 23 Nov 2023 06:00:51 GMT",,,,,1.1,,,,,,https://sevenroofing.com.au/wp-content/uploads/2021/04/icon_moneyback-1.svg,26/02/2026 14:37
https://sevenroofing.com.au/areas-we-serve/mill-park/,text/html; charset=UTF-8,200,OK,Indexable,,Roof Repairs & Restoration Mill Park | Roof & Gutter Replacement,64,579,"Protect your home with expert Roof Repairs in Mill Park. From Roof Restoration to Roof Leak Repair, Gutter & Roof Replacement, we ensure durability & quality. Get a free quote!",176,1086,,0,Roof Restoration & Repairs – Mill Park,38,Roofing Services Available In Mill Park,39,Comprehensive Roof Repairs in Mill Park,39,"follow, index, max-snippet:-1, max-video-preview:-1, max-image-preview:large",,,https://sevenroofing.com.au/areas-we-serve/mill-park/,,,,,,138443,32111,32111,12.301,,1130,181,6.243,79.363,Fairly Easy,5.183,1,2,,26,25,0,73.53,76,34,0,0,0,0,,,,,93e5e7a016e1aa69bf0f0dc5f07b871e,0.043,"Thu, 26 Feb 2026 00:39:14 GMT",,,,en-AU,1.1,,,,,,https://sevenroofing.com.au/areas-we-serve/mill-park/,26/02/2026 14:37
https://sevenroofing.com.au/areas-we-serve/williamstown/,text/html; charset=UTF-8,200,OK,Indexable,,Roof Repairs & Restoration Williamstown | Roof & Gutter Replacement,67,622,"Your go-to choice in Williamstown for Roofing solutions: Seven Roofing. We offer Roof Repairs, Roof Restoration, Roof Leak Repair, Roof & Gutter Replacement services. Call us!",175,1082,,0,Reliable Roof Repairs and Restoration Professionals – Williamstown,66,Roofing Services Available In Williamstown,42,Melbourne’s Best Roofing Specialists,36,"follow, index, max-snippet:-1, max-video-preview:-1, max-image-preview:large",,,https://sevenroofing.com.au/areas-we-serve/williamstown/,,,,,,135609,31975,31975,12.249,,614,125,4.912,69.3,Normal,3.205,1,2,,60,34,0,100,78,34,0,0,0,0,,,,,fc4cd16a82670835f8682dc6a7e16061,0.034,"Thu, 26 Feb 2026 00:48:48 GMT",,,,en-AU,1.1,,,,,,https://sevenroofing.com.au/areas-we-serve/williamstown/,26/02/2026 14:37
https://sevenroofing.com.au/wp-content/uploads/2021/04/icon_residential_dark.svg,image/svg+xml,200,OK,Indexable,,,0,0,,0,0,,0,,0,,0,,0,,,,,,,,,,0,0,0,0,,0,,,,,0,1,4,,0,0,0,0,0,0,0,0,0,0,,,,,,0.118,"Thu, 23 Nov 2023 05:58:33 GMT",,,,,1.1,,,,,,https://sevenroofing.com.au/wp-content/uploads/2021/04/icon_residential_dark.svg,26/02/2026 14:37
https://sevenroofing.com.au/areas-we-serve/thomastown/,text/html; charset=UTF-8,200,OK,Indexable,,Roof Repairs & Restoration Thomastown | Roof & Gutter Replacement,65,618,"Seven Roofing specialises in comprehensive Roof services, including Roof Repairs, Roof Restoration, Roof Leak Repair, Roof & Gutter Replacement in Thomastown. Get in touch!",172,1086,,0,Roof Repairs & Restoration – Thomastown,39,Roofing Services Available In Thomastown,40,Comprehensive Roof Repairs,26,"follow, index, max-snippet:-1, max-video-preview:-1, max-image-preview:large",,,https://sevenroofing.com.au/areas-we-serve/thomastown/,,,,,,141680,33143,33143,12.696,,1395,218,6.399,75.168,Fairly Easy,6.241,1,2,,60,34,0,100,77,34,0,0,0,0,,,,,c0605e0b35d3e7c44e885b41ea179a7a,0.032,"Wed, 25 Feb 2026 17:08:45 GMT",,,,en-AU,1.1,,,,,,https://sevenroofing.com.au/areas-we-serve/thomastown/,26/02/2026 14:37
https://sevenroofing.com.au/areas-we-serve/coburg/,text/html; charset=UTF-8,200,OK,Indexable,,Roof Repairs & Restoration Coburg | Roof & Gutter Replacement,61,565,"Ensure a durable roof with expert Roof Repairs in Coburg. We specialise in Roof Restoration, Leak Repair, Gutter & Roof Replacement. Contact Seven Roofing today!",161,1009,,0,Roof Restoration and Repairs – Coburg,37,Roofing Services Available In Coburg,36,Roof Repairs and Painting,25,"follow, index, max-snippet:-1, max-video-preview:-1, max-image-preview:large",,,https://sevenroofing.com.au/areas-we-serve/coburg/,,,,,,139126,33161,33161,12.703,,887,160,5.544,66.058,Normal,4.38,1,2,,60,34,0,100,76,34,0,0,0,0,,,,,8219f87df425323ed42984a82ff24da3,0.034,"Thu, 26 Feb 2026 00:43:43 GMT",,,,en-AU,1.1,,,,,,https://sevenroofing.com.au/areas-we-serve/coburg/,26/02/2026 14:37
https://sevenroofing.com.au/wp-content/uploads/2021/04/icon_commercial_dark.svg,image/svg+xml,200,OK,Indexable,,,0,0,,0,0,,0,,0,,0,,0,,,,,,,,,,0,0,0,0,,0,,,,,0,1,4,,0,0,0,0,0,0,0,0,0,0,,,,,,0.135,"Thu, 23 Nov 2023 06:00:38 GMT",,,,,1.1,,,,,,https://sevenroofing.com.au/wp-content/uploads/2021/04/icon_commercial_dark.svg,26/02/2026 14:37
https://sevenroofing.com.au/wp-content/cache/min/1/wp-content/themes/sevenroofing/assets/css/slick-theme.css?ver=1770203543,text/css,200,OK,Indexable,,,0,0,,0,0,,0,,0,,0,,0,,,,,,,,,,0,0,0,0,,0,,,,,0,1,9,,0,0,0,0,0,0,0,0,0,0,,,,,,0.027,"Wed, 04 Feb 2026 11:12:23 GMT",,,,,1.1,,,,,,https://sevenroofing.com.au/wp-content/cache/min/1/wp-content/themes/sevenroofing/assets/css/slick-theme.css?ver=1770203543,26/02/2026 14:37
https://sevenroofing.com.au/areas-we-serve/preston/,text/html; charset=UTF-8,200,OK,Indexable,,Roof Repairs & Restoration Preston | Roof & Gutter Replacement,62,571,"Your go-to choice in Preston for Roofing solutions: Seven Roofing. We offer Roof Repairs, Roof Restoration, Roof Leak Repair, Roof & Gutter Replacement services. Get a quote!",174,1079,,0,Roof Restoration & Renovation – Preston,39,Roofing Services Available In Preston,37,Roof Repairs and Painting in Preston,36,"follow, index, max-snippet:-1, max-video-preview:-1, max-image-preview:large",,,https://sevenroofing.com.au/areas-we-serve/preston/,,,,,,138581,33068,33068,12.668,,870,151,5.762,74.865,Fairly Easy,4.189,1,2,,60,34,0,100,76,34,0,0,0,0,,,,,a25b3178ee6e1a87d0b00924577d9c72,0.544,"Thu, 26 Feb 2026 03:37:36 GMT",,,,en-AU,1.1,,,,,,https://sevenroofing.com.au/areas-we-serve/preston/,26/02/2026 14:37
https://sevenroofing.com.au/areas-we-serve/avondale-heights/,text/html; charset=UTF-8,200,OK,Indexable,,Roof Repairs & Restoration Avondale Heights | Roof & Gutter Replacement,71,658,"Seven Roofing specialises in comprehensive Roof services, including Roof Repairs, Roof Restoration, Roof Leak Repair, Roof & Gutter Replacement in Avondale Heights.",164,1030,,0,Roof Repairs & Restoration – Avondale Heights,45,Roofing Services Available In Avondale Heights,46,Roof Restoration,16,"follow, index, max-snippet:-1, max-video-preview:-1, max-image-preview:large",,,https://sevenroofing.com.au/areas-we-serve/avondale-heights/,,,,,,135006,30696,30696,11.759,,647,130,4.977,70.634,Fairly Easy,3.332,1,2,,60,34,0,100,77,34,0,0,0,0,,,,,b43d25ba4d7471567f027a21ca0f7d70,0.669,"Thu, 26 Feb 2026 03:37:35 GMT",,,,en-AU,1.1,,,,,,https://sevenroofing.com.au/areas-we-serve/avondale-heights/,26/02/2026 14:37
https://sevenroofing.com.au/wp-content/uploads/2021/04/why_you_need.jpg,image/jpeg,200,OK,Indexable,,,0,0,,0,0,,0,,0,,0,,0,,,,,,,,,,94005,94005,94005,36.012,,0,,,,,0,1,4,,0,0,0,0,0,0,0,0,0,0,,,,,,0.181,"Thu, 23 Nov 2023 06:01:42 GMT",,,,,1.1,,,,,,https://sevenroofing.com.au/wp-content/uploads/2021/04/why_you_need.jpg,26/02/2026 14:37
https://sevenroofing.com.au/areas-we-serve/sunshine/,text/html; charset=UTF-8,200,OK,Indexable,,Roof Repairs & Restoration Sunshine | Roof & Gutter Replacement,63,583,"Your go-to choice in Sunshine for Roofing solutions: Seven Roofing. We offer Roof Repairs, Roof Restoration, Roof Leak Repair, Roof & Gutter Replacement services. Get a quote!",175,1087,,0,Roof Repairs and Restoration Specialists in Sunshine,52,Roofing Services Available In Sunshine,38,Why Choose Us?,14,"follow, index, max-snippet:-1, max-video-preview:-1, max-image-preview:large",,,https://sevenroofing.com.au/areas-we-serve/sunshine/,,,,,,133569,30642,30642,11.738,,600,124,4.839,71.499,Fairly Easy,3.164,1,2,,60,34,0,100,77,34,0,0,0,0,,,,,1724c7bbca48986adf30ea6a3c71ce66,0.033,"Thu, 26 Feb 2026 00:43:43 GMT",,,,en-AU,1.1,,,,,,https://sevenroofing.com.au/areas-we-serve/sunshine/,26/02/2026 14:37
https://sevenroofing.com.au/areas-we-serve/campbellfield/,text/html; charset=UTF-8,200,OK,Indexable,,Roof Repairs & Restoration Campbellfield | Roof & Gutter Replacement,68,625,"Protect your home with expert Roof Repairs in Campbellfield. We specialise in Roof Restoration, Roof Leak Repair, Gutter & Roof Replacement for lasting durability. Call us!",172,1049,,0,Roof Repairs & Restoration – Campbellfield,42,Roofing Services Available In Campbellfield,43,Roof Cleaning,13,"follow, index, max-snippet:-1, max-video-preview:-1, max-image-preview:large",,,https://sevenroofing.com.au/areas-we-serve/campbellfield/,,,,,,135554,31274,31274,11.98,,635,123,5.163,76.36,Fairly Easy,3.25,1,2,,60,34,0,100,76,34,0,0,0,0,,,,,616fdf05889d2e63b55652711aabdf4,0.032,"Thu, 26 Feb 2026 00:43:43 GMT",,,,en-AU,1.1,,,,,,https://sevenroofing.com.au/areas-we-serve/campbellfield/,26/02/2026 14:37
https://sevenroofing.com.au/wp-content/cache/min/1/wp-content/themes/sevenroofing/assets/css/font-awesome.min.css?ver=1770203543,text/css,200,OK,Indexable,,,0,0,,0,0,,0,,0,,0,,0,,,,,,,,,,0,0,0,0,,0,,,,,0,1,9,,0,0,0,0,0,0,0,0,0,0,,,,,,0.027,"Wed, 04 Feb 2026 11:12:23 GMT",,,,,1.1,,,,,,https://sevenroofing.com.au/wp-content/cache/min/1/wp-content/themes/sevenroofing/assets/css/font-awesome.min.css?ver=1770203543,26/02/2026 14:37
https://sevenroofing.com.au/wp-content/themes/sevenroofing/assets/images/icon_location_ligth.svg,image/svg+xml,200,OK,Indexable,,,0,0,,0,0,,0,,0,,0,,0,,,,,,,,,,0,0,0,0,,0,,,,,0,1,5,,0,0,0,0,0,0,0,0,0,0,,,,,,0.12,"Thu, 23 Nov 2023 05:56:24 GMT",,,,,1.1,,,,,,https://sevenroofing.com.au/wp-content/themes/sevenroofing/assets/images/icon_location_ligth.svg,26/02/2026 14:37
https://sevenroofing.com.au/wp-content/uploads/2021/04/bg_footer.jpg,image/jpeg,200,OK,Indexable,,,0,0,,0,0,,0,,0,,0,,0,,,,,,,,,,58765,58765,58765,22.512,,0,,,,,0,1,4,,0,0,0,0,0,0,0,0,0,0,,,,,,0.147,"Thu, 23 Nov 2023 05:59:32 GMT",,,,,1.1,,,,,,https://sevenroofing.com.au/wp-content/uploads/2021/04/bg_footer.jpg,26/02/2026 14:37
https://sevenroofing.com.au/wp-content/cache/min/1/wp-content/themes/sevenroofing/assets/css/slick.css?ver=1770203543,text/css,200,OK,Indexable,,,0,0,,0,0,,0,,0,,0,,0,,,,,,,,,,0,0,0,0,,0,,,,,0,1,9,,0,0,0,0,0,0,0,0,0,0,,,,,,0.107,"Wed, 04 Feb 2026 11:12:23 GMT",,,,,1.1,,,,,,https://sevenroofing.com.au/wp-content/cache/min/1/wp-content/themes/sevenroofing/assets/css/slick.css?ver=1770203543,26/02/2026 14:37
https://sevenroofing.com.au/areas-we-serve/vermont/,text/html; charset=UTF-8,200,OK,Indexable,,Roof Repairs & Restoration Vermont | Roof Leak & Gutter Replacement,67,627,"Seven Roofing specialises in comprehensive Roof services, including Roof Repairs, Roof Restoration, Roof Leak Repair & Gutter Replacement in Vermont. Get in touch today!",169,1060,,0,Roof Restoration Vermont,24,Roofing Services Available In Vermont,37,Comprehensive Roof Repairs in Vermont,37,"follow, index, max-snippet:-1, max-video-preview:-1, max-image-preview:large",,,https://sevenroofing.com.au/areas-we-serve/vermont/,,,,,,140346,33559,33559,12.856,,1036,169,6.13,77.796,Fairly Easy,4.748,1,2,,59,34,0,100,80,34,0,0,0,0,,,,,9d307679ea4331a71d36cf08fa552852,0.14,"Wed, 25 Feb 2026 17:05:49 GMT",,,,en-AU,1.1,,,,,,https://sevenroofing.com.au/areas-we-serve/vermont/,26/02/2026 14:37
https://sevenroofing.com.au/areas-we-serve/northern-suburbs/,text/html; charset=UTF-8,200,OK,Indexable,,Roof Repairs & Restoration Northern Suburbs | Gutter Replacement,64,595,"Seven Roofing specialises in comprehensive Roof services, including Roof Repairs, Roof Restoration, Roof Leak Repair & Gutter Replacement in Northern Suburbs. Call us.",167,1044,,0,Roof Restoration Northern Suburbs,33,Roofing Services Available In Northern Suburbs,46,Comprehensive Roof Repairs in Northern Suburbs,46,"follow, index, max-snippet:-1, max-video-preview:-1, max-image-preview:large",,,https://sevenroofing.com.au/areas-we-serve/northern-suburbs/,,,,,,141815,33089,33089,12.676,,1426,214,6.664,75.485,Fairly Easy,6.351,1,2,,60,34,0,100,81,34,0,0,0,0,,,,,507cfdbe0e73e3a7fec75a0ee480c16b,0.143,"Wed, 25 Feb 2026 21:33:24 GMT",,,,en-AU,1.1,,,,,,https://sevenroofing.com.au/areas-we-serve/northern-suburbs/,26/02/2026 14:37
https://sevenroofing.com.au/wp-content/cache/min/1/wp-content/themes/sevenroofing/assets/css/common.css?ver=1770203543,text/css,200,OK,Indexable,,,0,0,,0,0,,0,,0,,0,,0,,,,,,,,,,0,0,0,0,,0,,,,,0,1,9,,0,0,0,0,0,0,0,0,0,0,,,,,,0.117,"Wed, 04 Feb 2026 11:12:23 GMT",,,,,1.1,,,,,,https://sevenroofing.com.au/wp-content/cache/min/1/wp-content/themes/sevenroofing/assets/css/common.css?ver=1770203543,26/02/2026 14:37
https://sevenroofing.com.au/wp-content/themes/sevenroofing/assets/images/icon_larrow_right_dark.svg,image/svg+xml,200,OK,Indexable,,,0,0,,0,0,,0,,0,,0,,0,,,,,,,,,,0,0,0,0,,0,,,,,0,1,5,,0,0,0,0,0,0,0,0,0,0,,,,,,0.024,"Thu, 23 Nov 2023 05:56:24 GMT",,,,,1.1,,,,,,https://sevenroofing.com.au/wp-content/themes/sevenroofing/assets/images/icon_larrow_right_dark.svg,26/02/2026 14:37
https://sevenroofing.com.au/areas-we-serve/heidelberg/,text/html; charset=UTF-8,200,OK,Indexable,,Roof Repairs & Restoration Heidelberg | Roof & Gutter Replacement,65,598,"Experience superior roofing solutions with Seven Roofing. Our skilled team handles Roof Repairs, Roof Restoration, Roof Leak Repair, Roof & Gutter Replacement in Heidelberg.",173,1078,,0,Roof Repairs & Restoration – Heidelberg,39,Roofing Services Available In Heidelberg,40,Roof Repairs,12,"follow, index, max-snippet:-1, max-video-preview:-1, max-image-preview:large",,,https://sevenroofing.com.au/areas-we-serve/heidelberg/,,,,,,137174,32375,32375,12.402,,604,123,4.911,73.13,Fairly Easy,3.074,1,2,,60,34,0,100,76,34,0,0,0,0,,,,,3aa684eb338173c599b4c220d93d4e6a,0.036,"Wed, 25 Feb 2026 17:07:44 GMT",,,,en-AU,1.1,,,,,,https://sevenroofing.com.au/areas-we-serve/heidelberg/,26/02/2026 14:37
https://sevenroofing.com.au/contact/,text/html; charset=UTF-8,200,OK,Indexable,,Contact Roof Guttering & Roofing Contractors | Seven Roofing,60,548,"Seven Roofing offers free quotes and fixed pricing across a full range of roofing services. To enquire about roof restoration, roof repairs, or roof gutters, contact us.",169,1004,,0,Contact,7,Contact us today for a free quote,33,Client Reviews,14,"follow, index, max-snippet:-1, max-video-preview:-1, max-image-preview:large",,,https://sevenroofing.com.au/contact/,,,,,,102725,26145,26145,10.016,,37,12,3.083,100,Very Easy,0.837,1,1,,111,34,0,100,48,32,0,0,0,0,,,,,765943b56bda9c7265f4d11b3ad88cd3,0.436,"Thu, 26 Feb 2026 03:37:37 GMT",,,,en-AU,1.1,,,,,,https://sevenroofing.com.au/contact/,26/02/2026 14:37
https://sevenroofing.com.au/wp-content/uploads/2021/04/roofing_repairs_01-733x422.jpg,image/jpeg,200,OK,Indexable,,,0,0,,0,0,,0,,0,,0,,0,,,,,,,,,,54681,54681,54681,20.947,,0,,,,,0,1,4,,0,0,0,0,0,0,0,0,0,0,,,,,,0.031,"Thu, 23 Nov 2023 06:01:20 GMT",,,,,1.1,,,,,,https://sevenroofing.com.au/wp-content/uploads/2021/04/roofing_repairs_01-733x422.jpg,26/02/2026 14:37
https://sevenroofing.com.au/wp-content/uploads/2021/04/icon_paymentplan-1.svg,image/svg+xml,200,OK,Indexable,,,0,0,,0,0,,0,,0,,0,,0,,,,,,,,,,0,0,0,0,,0,,,,,0,1,4,,0,0,0,0,0,0,0,0,0,0,,,,,,0.106,"Thu, 23 Nov 2023 05:59:30 GMT",,,,,1.1,,,,,,https://sevenroofing.com.au/wp-content/uploads/2021/04/icon_paymentplan-1.svg,26/02/2026 14:37
https://sevenroofing.com.au/wp-content/uploads/2021/04/text_name.svg,image/svg+xml,200,OK,Indexable,,,0,0,,0,0,,0,,0,,0,,0,,,,,,,,,,0,0,0,0,,0,,,,,0,1,4,,0,0,0,0,0,0,0,0,0,0,,,,,,0.102,"Thu, 23 Nov 2023 06:00:21 GMT",,,,,1.1,,,,,,https://sevenroofing.com.au/wp-content/uploads/2021/04/text_name.svg,26/02/2026 14:37
https://sevenroofing.com.au/wp-content/uploads/2021/04/icon_fixedupfront.svg,image/svg+xml,200,OK,Indexable,,,0,0,,0,0,,0,,0,,0,,0,,,,,,,,,,0,0,0,0,,0,,,,,0,1,4,,0,0,0,0,0,0,0,0,0,0,,,,,,0.026,"Thu, 23 Nov 2023 05:59:39 GMT",,,,,1.1,,,,,,https://sevenroofing.com.au/wp-content/uploads/2021/04/icon_fixedupfront.svg,26/02/2026 14:37
https://sevenroofing.com.au/areas-we-serve/epping/,text/html; charset=UTF-8,200,OK,Indexable,,Roof Repairs & Restoration Epping | Roof & Gutter Replacement,61,561,"Seven Roofing specialises in comprehensive Roof services, including Roof Repairs, Roof Restoration, Roof Leak Repair, Roof & Gutter Replacement in Epping. Get in touch!",168,1046,,0,Roof Restoration & Renovation – Epping,38,Roofing Services Available In Epping,36,Roof Repairs and Painting,25,"follow, index, max-snippet:-1, max-video-preview:-1, max-image-preview:large",,,https://sevenroofing.com.au/areas-we-serve/epping/,,,,,,136339,31778,31778,12.174,,865,145,5.966,75.885,Fairly Easy,4.144,1,2,,60,34,0,100,76,34,0,0,0,0,,,,,5d508a3073a191d8a83bcf2e5b974e52,0.131,"Wed, 25 Feb 2026 17:10:12 GMT",,,,en-AU,1.1,,,,,,https://sevenroofing.com.au/areas-we-serve/epping/,26/02/2026 14:37
https://sevenroofing.com.au/wp-content/uploads/2022/01/roof-restorations.jpg,image/jpeg,200,OK,Indexable,,,0,0,,0,0,,0,,0,,0,,0,,,,,,,,,,11771,11771,11771,4.509,,0,,,,,0,1,4,,0,0,0,0,0,0,0,0,0,0,,,,,,0.112,"Thu, 23 Nov 2023 06:06:34 GMT",,,,,1.1,,,,,,https://sevenroofing.com.au/wp-content/uploads/2022/01/roof-restorations.jpg,26/02/2026 14:37
https://sevenroofing.com.au/wp-content/themes/sevenroofing/assets/images/icon_call_light.svg,image/svg+xml,200,OK,Indexable,,,0,0,,0,0,,0,,0,,0,,0,,,,,,,,,,0,0,0,0,,0,,,,,0,1,5,,0,0,0,0,0,0,0,0,0,0,,,,,,0.111,"Thu, 23 Nov 2023 05:56:24 GMT",,,,,1.1,,,,,,https://sevenroofing.com.au/wp-content/themes/sevenroofing/assets/images/icon_call_light.svg,26/02/2026 14:37
https://sevenroofing.com.au/areas-we-serve/south-morang/,text/html; charset=UTF-8,200,OK,Indexable,,Roof Repairs & Restoration South Morang | Roof & Gutter Replacement,67,626,"Ensure a durable roof with expert Roof Repairs in South Morang. We specialise in Roof Restoration, Leak Repair, Gutter & Roof Replacement. Contact Seven Roofing today!",167,1052,,0,Professional Roof Repairs – South Morang,40,Roofing Services Available In South Morang,42,Why Work with Us,16,"follow, index, max-snippet:-1, max-video-preview:-1, max-image-preview:large",,,https://sevenroofing.com.au/areas-we-serve/south-morang/,,,,,,136059,31967,31967,12.246,,607,123,4.935,73.184,Fairly Easy,3.104,1,2,,60,34,0,100,77,34,0,0,0,0,,,,,2c9932c40916d6d0b271bd96bc58b0c4,0.035,"Thu, 26 Feb 2026 00:43:43 GMT",,,,en-AU,1.1,,,,,,https://sevenroofing.com.au/areas-we-serve/south-morang/,26/02/2026 14:37
https://sevenroofing.com.au/wp-content/uploads/2025/03/roofing-gutters-gif.gif,image/gif,200,OK,Indexable,,,0,0,,0,0,,0,,0,,0,,0,,,,,,,,,,697503,697503,697503,267.2,,0,,,,,0,1,4,,0,0,0,0,0,0,0,0,0,0,,,,,,0.13,"Wed, 12 Mar 2025 03:01:46 GMT",,,,,1.1,,,,,,https://sevenroofing.com.au/wp-content/uploads/2025/03/roofing-gutters-gif.gif,26/02/2026 14:37
https://sevenroofing.com.au/services/roof-guttering/,text/html; charset=UTF-8,200,OK,Indexable,,Gutter Replacement Melbourne | Installations & Repairs | Seven Roofing,70,636,"Upgrade your gutters with expert Gutter Replacement Melbourne services. We offer durable, efficient solutions to protect your home from water damage. Call us for a free quote!",175,1087,,0,Gutter Replacement – Melbourne,30,Contact Us Today,16,Why Choose Seven Roofing?,25,"follow, index, max-snippet:-1, max-video-preview:-1, max-image-preview:large",,,https://sevenroofing.com.au/services/roof-guttering/,,,,,,110557,27754,27754,10.632,,387,79,4.899,72.886,Fairly Easy,2.677,1,2,,104,34,0,100,51,32,0,0,0,0,,,,,cb473662eff8a682b2b3990a16afe89d,0.144,"Wed, 25 Feb 2026 17:06:46 GMT",,,,en-AU,1.1,,,,,,https://sevenroofing.com.au/services/roof-guttering/,26/02/2026 14:37
https://sevenroofing.com.au/wp-content/uploads/2022/01/roof-guttering.jpg,image/jpeg,200,OK,Indexable,,,0,0,,0,0,,0,,0,,0,,0,,,,,,,,,,17555,17555,17555,6.725,,0,,,,,0,1,4,,0,0,0,0,0,0,0,0,0,0,,,,,,0.04,"Thu, 23 Nov 2023 06:06:40 GMT",,,,,1.1,,,,,,https://sevenroofing.com.au/wp-content/uploads/2022/01/roof-guttering.jpg,26/02/2026 14:37
https://sevenroofing.com.au/colour-chart/,text/html; charset=UTF-8,200,OK,Indexable,,Roofing and Roof Gutters Colour Chart | Seven Roofing,53,484,"Get the roof of your dreams in the colour of your choice! Through roof restoration and replacement, Seven Roofing can improve the appearance of your roof & gutters.",164,1022,,0,Colour Chart,12,Client Reviews,14,,0,"follow, index, max-snippet:-1, max-video-preview:-1, max-image-preview:large",,,https://sevenroofing.com.au/colour-chart/,,,,,,140707,27663,27663,10.597,,19,9,2.111,100,Very Easy,0.547,1,1,,94,34,0,100,48,32,0,0,0,0,,,,,bcfa095b30a34fb535fb700086ea2ab,0.049,"Thu, 26 Feb 2026 00:48:40 GMT",,,,en-AU,1.1,,,,,,https://sevenroofing.com.au/colour-chart/,26/02/2026 14:37
https://sevenroofing.com.au/wp-content/uploads/2022/01/roof-repairs.jpg,image/jpeg,200,OK,Indexable,,,0,0,,0,0,,0,,0,,0,,0,,,,,,,,,,16624,16624,16624,6.368,,0,,,,,0,1,4,,0,0,0,0,0,0,0,0,0,0,,,,,,0.182,"Thu, 23 Nov 2023 06:06:39 GMT",,,,,1.1,,,,,,https://sevenroofing.com.au/wp-content/uploads/2022/01/roof-repairs.jpg,26/02/2026 14:37
https://sevenroofing.com.au/areas-we-serve/keilor-east/,text/html; charset=UTF-8,200,OK,Indexable,,Roof Repairs & Restoration Keilor East | Roof & Gutter Replacement,66,597,"Extend your roof’s lifespan with expert Roof Repairs in Keilor East. From Roof Restoration to Roof Leak Repair, Gutter & Roof Replacement, we ensure weatherproof, durable solutions.",181,1126,,0,Roof Repairs & Restoration – Keilor East,40,Roofing Services Available In Keilor East,41,Roof Leak Repairs,17,"follow, index, max-snippet:-1, max-video-preview:-1, max-image-preview:large",,,https://sevenroofing.com.au/areas-we-serve/keilor-east/,,,,,,134690,30695,30695,11.759,,661,126,5.246,67.891,Normal,3.454,1,2,,60,34,0,100,77,34,0,0,0,0,,,,,1beb2f81545dbf81831679026aafd6e3,0.153,"Thu, 26 Feb 2026 00:35:50 GMT",,,,en-AU,1.1,,,,,,https://sevenroofing.com.au/areas-we-serve/keilor-east/,26/02/2026 14:37
https://sevenroofing.com.au/wp-content/uploads/2021/04/icon_fullyqualify-1.svg,image/svg+xml,200,OK,Indexable,,,0,0,,0,0,,0,,0,,0,,0,,,,,,,,,,0,0,0,0,,0,,,,,0,1,4,,0,0,0,0,0,0,0,0,0,0,,,,,,0.029,"Thu, 23 Nov 2023 05:58:55 GMT",,,,,1.1,,,,,,https://sevenroofing.com.au/wp-content/uploads/2021/04/icon_fullyqualify-1.svg,26/02/2026 14:37
https://sevenroofing.com.au/wp-content/uploads/2021/04/gallery_after_01.jpg,image/jpeg,200,OK,Indexable,,,0,0,,0,0,,0,,0,,0,,0,,,,,,,,,,24777,24777,24777,9.492,,0,,,,,0,1,4,,0,0,0,0,0,0,0,0,0,0,,,,,,0.034,"Thu, 23 Nov 2023 05:59:06 GMT",,,,,1.1,,,,,,https://sevenroofing.com.au/wp-content/uploads/2021/04/gallery_after_01.jpg,26/02/2026 14:37
https://sevenroofing.com.au/wp-content/uploads/2021/04/bg_banner_desk01.jpg,image/jpeg,200,OK,Indexable,,,0,0,,0,0,,0,,0,,0,,0,,,,,,,,,,179144,179144,179144,68.627,,0,,,,,0,1,4,,0,0,0,0,0,0,0,0,0,0,,,,,,0.17,"Thu, 23 Nov 2023 06:00:48 GMT",,,,,1.1,,,,,,https://sevenroofing.com.au/wp-content/uploads/2021/04/bg_banner_desk01.jpg,26/02/2026 14:37
https://sevenroofing.com.au/services/roof-replacements/,text/html; charset=UTF-8,200,OK,Indexable,,Roof Replacement Melbourne | Reliable & Expert Services | Seven Roofing,71,653,"Need Roof Replacement in Melbourne? We offer expert, long-lasting roof replacement solutions to protect your home from the elements. Contact Seven Roofing for a free quote today!",178,1122,,0,Roof Replacements in Melbourne,30,Why Work with Us,16,Why Choose Seven Roofing?,25,"follow, index, max-snippet:-1, max-video-preview:-1, max-image-preview:large",,,https://sevenroofing.com.au/services/roof-replacements/,,,,,,112348,28736,28736,11.008,,393,66,5.955,67.971,Normal,2.734,1,2,,103,34,0,100,51,32,0,0,0,0,,,,,6937b3fba570434da64f7572c808d8dd,0.171,"Wed, 25 Feb 2026 17:06:18 GMT",,,,en-AU,1.1,,,,,,https://sevenroofing.com.au/services/roof-replacements/,26/02/2026 14:37
https://sevenroofing.com.au/wp-content/cache/min/1/wp-content/themes/sevenroofing/assets/css/animate.css?ver=1770203543,text/css,200,OK,Indexable,,,0,0,,0,0,,0,,0,,0,,0,,,,,,,,,,0,0,0,0,,0,,,,,0,1,9,,0,0,0,0,0,0,0,0,0,0,,,,,,0.026,"Wed, 04 Feb 2026 11:12:23 GMT",,,,,1.1,,,,,,https://sevenroofing.com.au/wp-content/cache/min/1/wp-content/themes/sevenroofing/assets/css/animate.css?ver=1770203543,26/02/2026 14:37
https://sevenroofing.com.au/wp-content/uploads/2021/04/brand_acegutters-1-213x80.png,image/png,200,OK,Indexable,,,0,0,,0,0,,0,,0,,0,,0,,,,,,,,,,2666,2666,2666,1.021,,0,,,,,0,1,4,,0,0,0,0,0,0,0,0,0,0,,,,,,0.116,"Thu, 23 Nov 2023 06:00:31 GMT",,,,,1.1,,,,,,https://sevenroofing.com.au/wp-content/uploads/2021/04/brand_acegutters-1-213x80.png,26/02/2026 14:37
https://sevenroofing.com.au/wp-content/uploads/2021/04/icon_10years-1.svg,image/svg+xml,200,OK,Indexable,,,0,0,,0,0,,0,,0,,0,,0,,,,,,,,,,0,0,0,0,,0,,,,,0,1,4,,0,0,0,0,0,0,0,0,0,0,,,,,,0.105,"Thu, 23 Nov 2023 05:59:55 GMT",,,,,1.1,,,,,,https://sevenroofing.com.au/wp-content/uploads/2021/04/icon_10years-1.svg,26/02/2026 14:37
https://sevenroofing.com.au/wp-content/uploads/2025/03/Keilor-East.png,image/png,200,OK,Indexable,,,0,0,,0,0,,0,,0,,0,,0,,,,,,,,,,133383,133383,133383,51.096,,0,,,,,0,2,4,,0,0,0,0,0,0,0,0,0,0,,,,,,0.127,"Wed, 12 Mar 2025 03:10:10 GMT",,,,,1.1,,,,,,https://sevenroofing.com.au/wp-content/uploads/2025/03/Keilor-East.png,26/02/2026 14:37
https://sevenroofing.com.au/areas-we-serve/reservoir/,text/html; charset=UTF-8,200,OK,Indexable,,Roof Repairs & Restoration Reservoir | Roof & Gutter Replacement,64,585,"Experience superior roofing solutions with Seven Roofing. Our skilled team handles Roof Repairs, Roof Restoration, Roof Leak Repair, Roof & Gutter Replacement in Reservoir.",172,1070,,0,Roof Repairs & Restoration – Reservoir,38,Roofing Services Available In Reservoir,39,Roof Repairs and Painting,25,"follow, index, max-snippet:-1, max-video-preview:-1, max-image-preview:large",,,https://sevenroofing.com.au/areas-we-serve/reservoir/,,,,,,137011,31906,31906,12.223,,901,152,5.928,76.031,Fairly Easy,4.302,1,2,,60,34,0,100,76,34,0,0,0,0,,,,,2826f65a3118a8cdd96af077bed9dd18,0.146,"Thu, 26 Feb 2026 00:39:14 GMT",,,,en-AU,1.1,,,,,,https://sevenroofing.com.au/areas-we-serve/reservoir/,26/02/2026 14:37
https://sevenroofing.com.au/wp-content/uploads/2021/04/roofing_bendigo_grey.png,image/png,200,OK,Indexable,,,0,0,,0,0,,0,,0,,0,,0,,,,,,,,,,6517,6517,6517,2.497,,0,,,,,0,2,4,,0,0,0,0,0,0,0,0,0,0,,,,,,0.031,"Thu, 23 Nov 2023 05:58:04 GMT",,,,,1.1,,,,,,https://sevenroofing.com.au/wp-content/uploads/2021/04/roofing_bendigo_grey.png,26/02/2026 14:37
https://sevenroofing.com.au/wp-content/uploads/2021/04/gutter_rivergum.png,image/png,200,OK,Indexable,,,0,0,,0,0,,0,,0,,0,,0,,,,,,,,,,905,905,905,0.347,,0,,,,,0,2,4,,0,0,0,0,0,0,0,0,0,0,,,,,,0.114,"Thu, 23 Nov 2023 06:00:16 GMT",,,,,1.1,,,,,,https://sevenroofing.com.au/wp-content/uploads/2021/04/gutter_rivergum.png,26/02/2026 14:37
https://sevenroofing.com.au/wp-content/uploads/2021/04/roofing_ghost_gum.png,image/png,200,OK,Indexable,,,0,0,,0,0,,0,,0,,0,,0,,,,,,,,,,8937,8937,8937,3.424,,0,,,,,0,2,4,,0,0,0,0,0,0,0,0,0,0,,,,,,0.11,"Thu, 23 Nov 2023 06:00:44 GMT",,,,,1.1,,,,,,https://sevenroofing.com.au/wp-content/uploads/2021/04/roofing_ghost_gum.png,26/02/2026 14:37
https://sevenroofing.com.au/wp-content/uploads/2023/04/Reservoir.jpg,image/jpeg,200,OK,Indexable,,,0,0,,0,0,,0,,0,,0,,0,,,,,,,,,,80302,80302,80302,30.762,,0,,,,,0,2,4,,0,0,0,0,0,0,0,0,0,0,,,,,,0.127,"Thu, 23 Nov 2023 06:06:55 GMT",,,,,1.1,,,,,,https://sevenroofing.com.au/wp-content/uploads/2023/04/Reservoir.jpg,26/02/2026 14:37
https://sevenroofing.com.au/wp-content/uploads/2021/04/roofing_deep_burgundy.png,image/png,200,OK,Indexable,,,0,0,,0,0,,0,,0,,0,,0,,,,,,,,,,5529,5529,5529,2.118,,0,,,,,0,2,4,,0,0,0,0,0,0,0,0,0,0,,,,,,0.102,"Thu, 23 Nov 2023 06:00:01 GMT",,,,,1.1,,,,,,https://sevenroofing.com.au/wp-content/uploads/2021/04/roofing_deep_burgundy.png,26/02/2026 14:37
https://sevenroofing.com.au/wp-content/uploads/2021/04/roofing_gull_grey.png,image/png,200,OK,Indexable,,,0,0,,0,0,,0,,0,,0,,0,,,,,,,,,,12110,12110,12110,4.639,,0,,,,,0,2,4,,0,0,0,0,0,0,0,0,0,0,,,,,,0.129,"Thu, 23 Nov 2023 05:59:57 GMT",,,,,1.1,,,,,,https://sevenroofing.com.au/wp-content/uploads/2021/04/roofing_gull_grey.png,26/02/2026 14:37
https://sevenroofing.com.au/wp-content/uploads/2021/04/roofing_light_rivergum.png,image/png,200,OK,Indexable,,,0,0,,0,0,,0,,0,,0,,0,,,,,,,,,,8915,8915,8915,3.415,,0,,,,,0,2,4,,0,0,0,0,0,0,0,0,0,0,,,,,,0.109,"Thu, 23 Nov 2023 05:58:42 GMT",,,,,1.1,,,,,,https://sevenroofing.com.au/wp-content/uploads/2021/04/roofing_light_rivergum.png,26/02/2026 14:37
https://sevenroofing.com.au/wp-content/uploads/2021/04/roofing_cobble.png,image/png,200,OK,Indexable,,,0,0,,0,0,,0,,0,,0,,0,,,,,,,,,,7155,7155,7155,2.741,,0,,,,,0,2,4,,0,0,0,0,0,0,0,0,0,0,,,,,,0.107,"Thu, 23 Nov 2023 06:01:15 GMT",,,,,1.1,,,,,,https://sevenroofing.com.au/wp-content/uploads/2021/04/roofing_cobble.png,26/02/2026 14:37
https://sevenroofing.com.au/wp-content/cache/min/1/wp-content/themes/sevenroofing/assets/css/color-chart.css?ver=1770212878,text/css,200,OK,Indexable,,,0,0,,0,0,,0,,0,,0,,0,,,,,,,,,,0,0,0,0,,0,,,,,0,2,9,,0,0,0,0,0,0,0,0,0,0,,,,,,0.106,"Wed, 04 Feb 2026 13:47:58 GMT",,,,,1.1,,,,,,https://sevenroofing.com.au/wp-content/cache/min/1/wp-content/themes/sevenroofing/assets/css/color-chart.css?ver=1770212878,26/02/2026 14:37
https://sevenroofing.com.au/wp-content/uploads/2021/04/roofing_desert_clay.png,image/png,200,OK,Indexable,,,0,0,,0,0,,0,,0,,0,,0,,,,,,,,,,10529,10529,10529,4.033,,0,,,,,0,2,4,,0,0,0,0,0,0,0,0,0,0,,,,,,0.106,"Thu, 23 Nov 2023 06:01:35 GMT",,,,,1.1,,,,,,https://sevenroofing.com.au/wp-content/uploads/2021/04/roofing_desert_clay.png,26/02/2026 14:37
https://sevenroofing.com.au/wp-content/uploads/2021/04/gutter_gull_grey.png,image/png,200,OK,Indexable,,,0,0,,0,0,,0,,0,,0,,0,,,,,,,,,,1403,1403,1403,0.537,,0,,,,,0,2,4,,0,0,0,0,0,0,0,0,0,0,,,,,,0.102,"Thu, 23 Nov 2023 06:01:45 GMT",,,,,1.1,,,,,,https://sevenroofing.com.au/wp-content/uploads/2021/04/gutter_gull_grey.png,26/02/2026 14:37
https://sevenroofing.com.au/wp-content/uploads/2021/04/roofing_autumn.png,image/png,200,OK,Indexable,,,0,0,,0,0,,0,,0,,0,,0,,,,,,,,,,9180,9180,9180,3.517,,0,,,,,0,2,4,,0,0,0,0,0,0,0,0,0,0,,,,,,0.107,"Thu, 23 Nov 2023 06:00:10 GMT",,,,,1.1,,,,,,https://sevenroofing.com.au/wp-content/uploads/2021/04/roofing_autumn.png,26/02/2026 14:37
https://sevenroofing.com.au/wp-content/uploads/2021/04/roofing_brushwood.png,image/png,200,OK,Indexable,,,0,0,,0,0,,0,,0,,0,,0,,,,,,,,,,8510,8510,8510,3.26,,0,,,,,0,2,4,,0,0,0,0,0,0,0,0,0,0,,,,,,0.105,"Thu, 23 Nov 2023 06:01:40 GMT",,,,,1.1,,,,,,https://sevenroofing.com.au/wp-content/uploads/2021/04/roofing_brushwood.png,26/02/2026 14:37
https://sevenroofing.com.au/wp-content/uploads/2021/04/roofing_off_white.png,image/png,200,OK,Indexable,,,0,0,,0,0,,0,,0,,0,,0,,,,,,,,,,12992,12992,12992,4.977,,0,,,,,0,2,4,,0,0,0,0,0,0,0,0,0,0,,,,,,0.126,"Thu, 23 Nov 2023 05:58:32 GMT",,,,,1.1,,,,,,https://sevenroofing.com.au/wp-content/uploads/2021/04/roofing_off_white.png,26/02/2026 14:37
https://sevenroofing.com.au/wp-content/uploads/2021/04/roofing_pale_terracotta.png,image/png,200,OK,Indexable,,,0,0,,0,0,,0,,0,,0,,0,,,,,,,,,,11119,11119,11119,4.259,,0,,,,,0,2,4,,0,0,0,0,0,0,0,0,0,0,,,,,,0.125,"Thu, 23 Nov 2023 05:58:53 GMT",,,,,1.1,,,,,,https://sevenroofing.com.au/wp-content/uploads/2021/04/roofing_pale_terracotta.png,26/02/2026 14:37
https://sevenroofing.com.au/wp-content/uploads/2021/04/gutter_brich.png,image/png,200,OK,Indexable,,,0,0,,0,0,,0,,0,,0,,0,,,,,,,,,,891,891,891,0.341,,0,,,,,0,2,4,,0,0,0,0,0,0,0,0,0,0,,,,,,0.119,"Thu, 23 Nov 2023 05:59:51 GMT",,,,,1.1,,,,,,https://sevenroofing.com.au/wp-content/uploads/2021/04/gutter_brich.png,26/02/2026 14:37
https://sevenroofing.com.au/wp-content/uploads/2021/04/gutter_iron_grey.png,image/png,200,OK,Indexable,,,0,0,,0,0,,0,,0,,0,,0,,,,,,,,,,876,876,876,0.336,,0,,,,,0,2,4,,0,0,0,0,0,0,0,0,0,0,,,,,,0.125,"Thu, 23 Nov 2023 05:58:14 GMT",,,,,1.1,,,,,,https://sevenroofing.com.au/wp-content/uploads/2021/04/gutter_iron_grey.png,26/02/2026 14:37
https://sevenroofing.com.au/wp-content/uploads/2021/04/roofing_chocolate.png,image/png,200,OK,Indexable,,,0,0,,0,0,,0,,0,,0,,0,,,,,,,,,,6797,6797,6797,2.604,,0,,,,,0,2,4,,0,0,0,0,0,0,0,0,0,0,,,,,,0.119,"Thu, 23 Nov 2023 06:00:02 GMT",,,,,1.1,,,,,,https://sevenroofing.com.au/wp-content/uploads/2021/04/roofing_chocolate.png,26/02/2026 14:37
https://sevenroofing.com.au/wp-content/uploads/2021/04/roofing_slate_grey.png,image/png,200,OK,Indexable,,,0,0,,0,0,,0,,0,,0,,0,,,,,,,,,,6225,6225,6225,2.385,,0,,,,,0,2,4,,0,0,0,0,0,0,0,0,0,0,,,,,,0.197,"Thu, 23 Nov 2023 05:59:27 GMT",,,,,1.1,,,,,,https://sevenroofing.com.au/wp-content/uploads/2021/04/roofing_slate_grey.png,26/02/2026 14:37
https://sevenroofing.com.au/wp-content/uploads/2021/04/roofing_rivergum.png,image/png,200,OK,Indexable,,,0,0,,0,0,,0,,0,,0,,0,,,,,,,,,,6497,6497,6497,2.489,,0,,,,,0,2,4,,0,0,0,0,0,0,0,0,0,0,,,,,,0.189,"Thu, 23 Nov 2023 05:59:47 GMT",,,,,1.1,,,,,,https://sevenroofing.com.au/wp-content/uploads/2021/04/roofing_rivergum.png,26/02/2026 14:37
https://sevenroofing.com.au/wp-content/uploads/2021/04/roofing_tan.png,image/png,200,OK,Indexable,,,0,0,,0,0,,0,,0,,0,,0,,,,,,,,,,7546,7546,7546,2.891,,0,,,,,0,2,4,,0,0,0,0,0,0,0,0,0,0,,,,,,0.227,"Thu, 23 Nov 2023 05:59:01 GMT",,,,,1.1,,,,,,https://sevenroofing.com.au/wp-content/uploads/2021/04/roofing_tan.png,26/02/2026 14:37
https://sevenroofing.com.au/wp-content/uploads/2021/04/roofing_rust.png,image/png,200,OK,Indexable,,,0,0,,0,0,,0,,0,,0,,0,,,,,,,,,,6732,6732,6732,2.579,,0,,,,,0,2,4,,0,0,0,0,0,0,0,0,0,0,,,,,,0.213,"Thu, 23 Nov 2023 05:58:31 GMT",,,,,1.1,,,,,,https://sevenroofing.com.au/wp-content/uploads/2021/04/roofing_rust.png,26/02/2026 14:37
https://sevenroofing.com.au/wp-content/uploads/2021/04/roofing_riverclay.png,image/png,200,OK,Indexable,,,0,0,,0,0,,0,,0,,0,,0,,,,,,,,,,10076,10076,10076,3.86,,0,,,,,0,2,4,,0,0,0,0,0,0,0,0,0,0,,,,,,0.236,"Thu, 23 Nov 2023 05:58:56 GMT",,,,,1.1,,,,,,https://sevenroofing.com.au/wp-content/uploads/2021/04/roofing_riverclay.png,26/02/2026 14:37
https://sevenroofing.com.au/wp-content/uploads/2021/04/roofing_dark_brown.png,image/png,200,OK,Indexable,,,0,0,,0,0,,0,,0,,0,,0,,,,,,,,,,4836,4836,4836,1.853,,0,,,,,0,2,4,,0,0,0,0,0,0,0,0,0,0,,,,,,0.164,"Thu, 23 Nov 2023 05:59:12 GMT",,,,,1.1,,,,,,https://sevenroofing.com.au/wp-content/uploads/2021/04/roofing_dark_brown.png,26/02/2026 14:37
https://sevenroofing.com.au/wp-content/uploads/2021/04/roofing_arizona.png,image/png,200,OK,Indexable,,,0,0,,0,0,,0,,0,,0,,0,,,,,,,,,,12128,12128,12128,4.646,,0,,,,,0,2,4,,0,0,0,0,0,0,0,0,0,0,,,,,,0.162,"Thu, 23 Nov 2023 06:00:04 GMT",,,,,1.1,,,,,,https://sevenroofing.com.au/wp-content/uploads/2021/04/roofing_arizona.png,26/02/2026 14:37
https://sevenroofing.com.au/wp-content/uploads/2021/04/roofing_smokebush.png,image/png,200,OK,Indexable,,,0,0,,0,0,,0,,0,,0,,0,,,,,,,,,,8369,8369,8369,3.206,,0,,,,,0,2,4,,0,0,0,0,0,0,0,0,0,0,,,,,,0.174,"Thu, 23 Nov 2023 05:59:26 GMT",,,,,1.1,,,,,,https://sevenroofing.com.au/wp-content/uploads/2021/04/roofing_smokebush.png,26/02/2026 14:37
https://sevenroofing.com.au/wp-content/uploads/2021/04/gutter_black.png,image/png,200,OK,Indexable,,,0,0,,0,0,,0,,0,,0,,0,,,,,,,,,,897,897,897,0.344,,0,,,,,0,2,4,,0,0,0,0,0,0,0,0,0,0,,,,,,0.171,"Thu, 23 Nov 2023 06:01:15 GMT",,,,,1.1,,,,,,https://sevenroofing.com.au/wp-content/uploads/2021/04/gutter_black.png,26/02/2026 14:37
https://sevenroofing.com.au/wp-content/uploads/2021/04/roofing_tuscan_red.png,image/png,200,OK,Indexable,,,0,0,,0,0,,0,,0,,0,,0,,,,,,,,,,10057,10057,10057,3.853,,0,,,,,0,2,4,,0,0,0,0,0,0,0,0,0,0,,,,,,0.212,"Thu, 23 Nov 2023 05:59:50 GMT",,,,,1.1,,,,,,https://sevenroofing.com.au/wp-content/uploads/2021/04/roofing_tuscan_red.png,26/02/2026 14:37
https://sevenroofing.com.au/wp-content/uploads/2021/04/roofing_burgundy.png,image/png,200,OK,Indexable,,,0,0,,0,0,,0,,0,,0,,0,,,,,,,,,,6413,6413,6413,2.457,,0,,,,,0,2,4,,0,0,0,0,0,0,0,0,0,0,,,,,,0.171,"Thu, 23 Nov 2023 05:58:03 GMT",,,,,1.1,,,,,,https://sevenroofing.com.au/wp-content/uploads/2021/04/roofing_burgundy.png,26/02/2026 14:37
https://sevenroofing.com.au/wp-content/uploads/2021/04/roofing_birch_grey.png,image/png,200,OK,Indexable,,,0,0,,0,0,,0,,0,,0,,0,,,,,,,,,,11659,11659,11659,4.466,,0,,,,,0,2,4,,0,0,0,0,0,0,0,0,0,0,,,,,,0.216,"Thu, 23 Nov 2023 06:01:03 GMT",,,,,1.1,,,,,,https://sevenroofing.com.au/wp-content/uploads/2021/04/roofing_birch_grey.png,26/02/2026 14:37
https://sevenroofing.com.au/wp-content/uploads/2021/04/roofing_mocha.png,image/png,200,OK,Indexable,,,0,0,,0,0,,0,,0,,0,,0,,,,,,,,,,8581,8581,8581,3.287,,0,,,,,0,2,4,,0,0,0,0,0,0,0,0,0,0,,,,,,0.159,"Thu, 23 Nov 2023 05:57:51 GMT",,,,,1.1,,,,,,https://sevenroofing.com.au/wp-content/uploads/2021/04/roofing_mocha.png,26/02/2026 14:37
https://sevenroofing.com.au/wp-content/uploads/2021/04/roofing_beige.png,image/png,200,OK,Indexable,,,0,0,,0,0,,0,,0,,0,,0,,,,,,,,,,10303,10303,10303,3.947,,0,,,,,0,2,4,,0,0,0,0,0,0,0,0,0,0,,,,,,0.158,"Thu, 23 Nov 2023 06:00:38 GMT",,,,,1.1,,,,,,https://sevenroofing.com.au/wp-content/uploads/2021/04/roofing_beige.png,26/02/2026 14:37
https://sevenroofing.com.au/wp-content/uploads/2021/04/roofing_homestead.png,image/png,200,OK,Indexable,,,0,0,,0,0,,0,,0,,0,,0,,,,,,,,,,8929,8929,8929,3.421,,0,,,,,0,2,4,,0,0,0,0,0,0,0,0,0,0,,,,,,0.188,"Thu, 23 Nov 2023 06:01:22 GMT",,,,,1.1,,,,,,https://sevenroofing.com.au/wp-content/uploads/2021/04/roofing_homestead.png,26/02/2026 14:37
https://sevenroofing.com.au/wp-content/uploads/2021/04/gutter_tuscan_red.png,image/png,200,OK,Indexable,,,0,0,,0,0,,0,,0,,0,,0,,,,,,,,,,909,909,909,0.348,,0,,,,,0,2,4,,0,0,0,0,0,0,0,0,0,0,,,,,,0.19,"Thu, 23 Nov 2023 05:58:43 GMT",,,,,1.1,,,,,,https://sevenroofing.com.au/wp-content/uploads/2021/04/gutter_tuscan_red.png,26/02/2026 14:37
https://sevenroofing.com.au/wp-content/uploads/2021/04/gutter_heritage_red.png,image/png,200,OK,Indexable,,,0,0,,0,0,,0,,0,,0,,0,,,,,,,,,,894,894,894,0.342,,0,,,,,0,2,4,,0,0,0,0,0,0,0,0,0,0,,,,,,0.17,"Thu, 23 Nov 2023 06:01:03 GMT",,,,,1.1,,,,,,https://sevenroofing.com.au/wp-content/uploads/2021/04/gutter_heritage_red.png,26/02/2026 14:37
https://sevenroofing.com.au/wp-content/uploads/2021/04/gutter_hunter_red.png,image/png,200,OK,Indexable,,,0,0,,0,0,,0,,0,,0,,0,,,,,,,,,,1334,1334,1334,0.511,,0,,,,,0,2,4,,0,0,0,0,0,0,0,0,0,0,,,,,,0.179,"Thu, 23 Nov 2023 06:00:23 GMT",,,,,1.1,,,,,,https://sevenroofing.com.au/wp-content/uploads/2021/04/gutter_hunter_red.png,26/02/2026 14:37
https://sevenroofing.com.au/wp-content/uploads/2021/04/roofing_manganese.png,image/png,200,OK,Indexable,,,0,0,,0,0,,0,,0,,0,,0,,,,,,,,,,1917,1917,1917,0.734,,0,,,,,0,2,4,,0,0,0,0,0,0,0,0,0,0,,,,,,0.176,"Thu, 23 Nov 2023 06:01:41 GMT",,,,,1.1,,,,,,https://sevenroofing.com.au/wp-content/uploads/2021/04/roofing_manganese.png,26/02/2026 14:37
https://sevenroofing.com.au/wp-content/uploads/2021/04/roofing_brunswick_green.png,image/png,200,OK,Indexable,,,0,0,,0,0,,0,,0,,0,,0,,,,,,,,,,4559,4559,4559,1.746,,0,,,,,0,2,4,,0,0,0,0,0,0,0,0,0,0,,,,,,0.155,"Thu, 23 Nov 2023 05:58:42 GMT",,,,,1.1,,,,,,https://sevenroofing.com.au/wp-content/uploads/2021/04/roofing_brunswick_green.png,26/02/2026 14:37
https://sevenroofing.com.au/wp-content/uploads/2021/04/roofing_homebush.png,image/png,200,OK,Indexable,,,0,0,,0,0,,0,,0,,0,,0,,,,,,,,,,7437,7437,7437,2.849,,0,,,,,0,2,4,,0,0,0,0,0,0,0,0,0,0,,,,,,0.155,"Thu, 23 Nov 2023 05:59:52 GMT",,,,,1.1,,,,,,https://sevenroofing.com.au/wp-content/uploads/2021/04/roofing_homebush.png,26/02/2026 14:37
https://sevenroofing.com.au/wp-content/uploads/2021/04/roofing_valley_brown.png,image/png,200,OK,Indexable,,,0,0,,0,0,,0,,0,,0,,0,,,,,,,,,,9569,9569,9569,3.666,,0,,,,,0,2,4,,0,0,0,0,0,0,0,0,0,0,,,,,,0.175,"Thu, 23 Nov 2023 05:58:55 GMT",,,,,1.1,,,,,,https://sevenroofing.com.au/wp-content/uploads/2021/04/roofing_valley_brown.png,26/02/2026 14:37
https://sevenroofing.com.au/wp-content/uploads/2021/04/gutter_dusk.png,image/png,200,OK,Indexable,,,0,0,,0,0,,0,,0,,0,,0,,,,,,,,,,933,933,933,0.357,,0,,,,,0,2,4,,0,0,0,0,0,0,0,0,0,0,,,,,,0.138,"Thu, 23 Nov 2023 05:57:54 GMT",,,,,1.1,,,,,,https://sevenroofing.com.au/wp-content/uploads/2021/04/gutter_dusk.png,26/02/2026 14:37
https://sevenroofing.com.au/wp-content/uploads/2021/04/gutter_brown.png,image/png,200,OK,Indexable,,,0,0,,0,0,,0,,0,,0,,0,,,,,,,,,,900,900,900,0.345,,0,,,,,0,2,4,,0,0,0,0,0,0,0,0,0,0,,,,,,0.142,"Thu, 23 Nov 2023 05:59:09 GMT",,,,,1.1,,,,,,https://sevenroofing.com.au/wp-content/uploads/2021/04/gutter_brown.png,26/02/2026 14:37
https://sevenroofing.com.au/wp-content/uploads/2021/04/roofing_black.png,image/png,200,OK,Indexable,,,0,0,,0,0,,0,,0,,0,,0,,,,,,,,,,2712,2712,2712,1.039,,0,,,,,0,2,4,,0,0,0,0,0,0,0,0,0,0,,,,,,0.147,"Thu, 23 Nov 2023 06:01:27 GMT",,,,,1.1,,,,,,https://sevenroofing.com.au/wp-content/uploads/2021/04/roofing_black.png,26/02/2026 14:37
https://sevenroofing.com.au/wp-content/uploads/2021/04/roofing_mountain_blue.png,image/png,200,OK,Indexable,,,0,0,,0,0,,0,,0,,0,,0,,,,,,,,,,5536,5536,5536,2.121,,0,,,,,0,2,4,,0,0,0,0,0,0,0,0,0,0,,,,,,0.155,"Thu, 23 Nov 2023 05:59:45 GMT",,,,,1.1,,,,,,https://sevenroofing.com.au/wp-content/uploads/2021/04/roofing_mountain_blue.png,26/02/2026 14:37
https://sevenroofing.com.au/wp-content/uploads/2021/04/gutter_slate_grey.png,image/png,200,OK,Indexable,,,0,0,,0,0,,0,,0,,0,,0,,,,,,,,,,946,946,946,0.362,,0,,,,,0,2,4,,0,0,0,0,0,0,0,0,0,0,,,,,,0.132,"Thu, 23 Nov 2023 05:59:36 GMT",,,,,1.1,,,,,,https://sevenroofing.com.au/wp-content/uploads/2021/04/gutter_slate_grey.png,26/02/2026 14:37
https://sevenroofing.com.au/wp-content/uploads/2021/04/roofing_rich_red.png,image/png,200,OK,Indexable,,,0,0,,0,0,,0,,0,,0,,0,,,,,,,,,,8707,8707,8707,3.335,,0,,,,,0,2,4,,0,0,0,0,0,0,0,0,0,0,,,,,,0.157,"Thu, 23 Nov 2023 06:01:37 GMT",,,,,1.1,,,,,,https://sevenroofing.com.au/wp-content/uploads/2021/04/roofing_rich_red.png,26/02/2026 14:37
https://sevenroofing.com.au/wp-content/uploads/2021/04/gutter_monolith.png,image/png,200,OK,Indexable,,,0,0,,0,0,,0,,0,,0,,0,,,,,,,,,,903,903,903,0.346,,0,,,,,0,2,4,,0,0,0,0,0,0,0,0,0,0,,,,,,0.125,"Thu, 23 Nov 2023 06:00:28 GMT",,,,,1.1,,,,,,https://sevenroofing.com.au/wp-content/uploads/2021/04/gutter_monolith.png,26/02/2026 14:37
https://sevenroofing.com.au/wp-content/uploads/2021/04/roofing_smooth_cream.png,image/png,200,OK,Indexable,,,0,0,,0,0,,0,,0,,0,,0,,,,,,,,,,12726,12726,12726,4.875,,0,,,,,0,2,4,,0,0,0,0,0,0,0,0,0,0,,,,,,0.177,"Thu, 23 Nov 2023 05:58:03 GMT",,,,,1.1,,,,,,https://sevenroofing.com.au/wp-content/uploads/2021/04/roofing_smooth_cream.png,26/02/2026 14:37
https://sevenroofing.com.au/wp-content/uploads/2021/04/gutter_armour_grey.png,image/png,200,OK,Indexable,,,0,0,,0,0,,0,,0,,0,,0,,,,,,,,,,905,905,905,0.347,,0,,,,,0,2,4,,0,0,0,0,0,0,0,0,0,0,,,,,,0.124,"Thu, 23 Nov 2023 05:58:36 GMT",,,,,1.1,,,,,,https://sevenroofing.com.au/wp-content/uploads/2021/04/gutter_armour_grey.png,26/02/2026 14:37
https://sevenroofing.com.au/wp-content/uploads/2021/04/roofing_charcoal.png,image/png,200,OK,Indexable,,,0,0,,0,0,,0,,0,,0,,0,,,,,,,,,,4965,4965,4965,1.902,,0,,,,,0,2,4,,0,0,0,0,0,0,0,0,0,0,,,,,,0.176,"Thu, 23 Nov 2023 05:59:13 GMT",,,,,1.1,,,,,,https://sevenroofing.com.au/wp-content/uploads/2021/04/roofing_charcoal.png,26/02/2026 14:37
https://sevenroofing.com.au/wp-content/uploads/2021/04/gutter_mist_green.png,image/png,200,OK,Indexable,,,0,0,,0,0,,0,,0,,0,,0,,,,,,,,,,906,906,906,0.347,,0,,,,,0,2,4,,0,0,0,0,0,0,0,0,0,0,,,,,,0.199,"Thu, 23 Nov 2023 05:58:20 GMT",,,,,1.1,,,,,,https://sevenroofing.com.au/wp-content/uploads/2021/04/gutter_mist_green.png,26/02/2026 14:37
https://sevenroofing.com.au/wp-content/uploads/2021/04/roofing_terracotta.png,image/png,200,OK,Indexable,,,0,0,,0,0,,0,,0,,0,,0,,,,,,,,,,10023,10023,10023,3.84,,0,,,,,0,2,4,,0,0,0,0,0,0,0,0,0,0,,,,,,0.203,"Thu, 23 Nov 2023 05:58:47 GMT",,,,,1.1,,,,,,https://sevenroofing.com.au/wp-content/uploads/2021/04/roofing_terracotta.png,26/02/2026 14:37
https://sevenroofing.com.au/wp-content/uploads/2021/04/gutter_caulfield_green.png,image/png,200,OK,Indexable,,,0,0,,0,0,,0,,0,,0,,0,,,,,,,,,,951,951,951,0.364,,0,,,,,0,2,4,,0,0,0,0,0,0,0,0,0,0,,,,,,0.208,"Thu, 23 Nov 2023 05:58:42 GMT",,,,,1.1,,,,,,https://sevenroofing.com.au/wp-content/uploads/2021/04/gutter_caulfield_green.png,26/02/2026 14:37
https://sevenroofing.com.au/wp-content/uploads/2021/04/roofing_peach.png,image/png,200,OK,Indexable,,,0,0,,0,0,,0,,0,,0,,0,,,,,,,,,,11233,11233,11233,4.303,,0,,,,,0,2,4,,0,0,0,0,0,0,0,0,0,0,,,,,,0.208,"Thu, 23 Nov 2023 05:58:00 GMT",,,,,1.1,,,,,,https://sevenroofing.com.au/wp-content/uploads/2021/04/roofing_peach.png,26/02/2026 14:37
https://sevenroofing.com.au/wp-content/uploads/2021/04/gutter_sandlewood.png,image/png,200,OK,Indexable,,,0,0,,0,0,,0,,0,,0,,0,,,,,,,,,,982,982,982,0.376,,0,,,,,0,2,4,,0,0,0,0,0,0,0,0,0,0,,,,,,0.147,"Thu, 23 Nov 2023 06:01:30 GMT",,,,,1.1,,,,,,https://sevenroofing.com.au/wp-content/uploads/2021/04/gutter_sandlewood.png,26/02/2026 14:37
https://sevenroofing.com.au/wp-content/uploads/2021/04/gutter_smooth_cream.png,image/png,200,OK,Indexable,,,0,0,,0,0,,0,,0,,0,,0,,,,,,,,,,871,871,871,0.334,,0,,,,,0,2,4,,0,0,0,0,0,0,0,0,0,0,,,,,,0.288,"Thu, 23 Nov 2023 05:57:59 GMT",,,,,1.1,,,,,,https://sevenroofing.com.au/wp-content/uploads/2021/04/gutter_smooth_cream.png,26/02/2026 14:37
https://sevenroofing.com.au/wp-content/uploads/2021/04/gutter_bushsmoke.png,image/png,200,OK,Indexable,,,0,0,,0,0,,0,,0,,0,,0,,,,,,,,,,1420,1420,1420,0.544,,0,,,,,0,2,4,,0,0,0,0,0,0,0,0,0,0,,,,,,0.282,"Thu, 23 Nov 2023 05:58:53 GMT",,,,,1.1,,,,,,https://sevenroofing.com.au/wp-content/uploads/2021/04/gutter_bushsmoke.png,26/02/2026 14:37
https://sevenroofing.com.au/wp-content/uploads/2021/04/gutter_jasmin_brown.png,image/png,200,OK,Indexable,,,0,0,,0,0,,0,,0,,0,,0,,,,,,,,,,1232,1232,1232,0.472,,0,,,,,0,2,4,,0,0,0,0,0,0,0,0,0,0,,,,,,0.285,"Thu, 23 Nov 2023 05:58:00 GMT",,,,,1.1,,,,,,https://sevenroofing.com.au/wp-content/uploads/2021/04/gutter_jasmin_brown.png,26/02/2026 14:37
https://sevenroofing.com.au/wp-content/uploads/2021/04/color_chart.jpg,image/jpeg,200,OK,Indexable,,,0,0,,0,0,,0,,0,,0,,0,,,,,,,,,,57579,57579,57579,22.057,,0,,,,,0,2,4,,0,0,0,0,0,0,0,0,0,0,,,,,,0.309,"Thu, 23 Nov 2023 06:01:01 GMT",,,,,1.1,,,,,,https://sevenroofing.com.au/wp-content/uploads/2021/04/color_chart.jpg,26/02/2026 14:37
https://sevenroofing.com.au/wp-content/uploads/2021/04/roofing_amber.png,image/png,200,OK,Indexable,,,0,0,,0,0,,0,,0,,0,,0,,,,,,,,,,11205,11205,11205,4.292,,0,,,,,0,2,4,,0,0,0,0,0,0,0,0,0,0,,,,,,0.309,"Thu, 23 Nov 2023 06:00:54 GMT",,,,,1.1,,,,,,https://sevenroofing.com.au/wp-content/uploads/2021/04/roofing_amber.png,26/02/2026 14:37
https://sevenroofing.com.au/wp-content/uploads/2021/04/roofing_mist_green.png,image/png,200,OK,Indexable,,,0,0,,0,0,,0,,0,,0,,0,,,,,,,,,,8314,8314,8314,3.185,,0,,,,,0,2,4,,0,0,0,0,0,0,0,0,0,0,,,,,,0.111,"Thu, 23 Nov 2023 05:58:00 GMT",,,,,1.1,,,,,,https://sevenroofing.com.au/wp-content/uploads/2021/04/roofing_mist_green.png,26/02/2026 14:37
https://sevenroofing.com.au/wp-content/uploads/2021/04/gutter_merind.png,image/png,200,OK,Indexable,,,0,0,,0,0,,0,,0,,0,,0,,,,,,,,,,931,931,931,0.357,,0,,,,,0,2,4,,0,0,0,0,0,0,0,0,0,0,,,,,,0.107,"Thu, 23 Nov 2023 05:59:26 GMT",,,,,1.1,,,,,,https://sevenroofing.com.au/wp-content/uploads/2021/04/gutter_merind.png,26/02/2026 14:37
https://sevenroofing.com.au/wp-content/uploads/2021/04/gutter_attic.png,image/png,200,OK,Indexable,,,0,0,,0,0,,0,,0,,0,,0,,,,,,,,,,897,897,897,0.344,,0,,,,,0,2,4,,0,0,0,0,0,0,0,0,0,0,,,,,,0.107,"Thu, 23 Nov 2023 06:01:17 GMT",,,,,1.1,,,,,,https://sevenroofing.com.au/wp-content/uploads/2021/04/gutter_attic.png,26/02/2026 14:37
https://sevenroofing.com.au/wp-content/uploads/2021/04/roofing_gum_tree.png,image/png,200,OK,Indexable,,,0,0,,0,0,,0,,0,,0,,0,,,,,,,,,,6937,6937,6937,2.657,,0,,,,,0,2,4,,0,0,0,0,0,0,0,0,0,0,,,,,,0.106,"Thu, 23 Nov 2023 06:00:36 GMT",,,,,1.1,,,,,,https://sevenroofing.com.au/wp-content/uploads/2021/04/roofing_gum_tree.png,26/02/2026 14:37
https://sevenroofing.com.au/wp-content/uploads/2021/04/gutter_mountain_blue.png,image/png,200,OK,Indexable,,,0,0,,0,0,,0,,0,,0,,0,,,,,,,,,,915,915,915,0.351,,0,,,,,0,2,4,,0,0,0,0,0,0,0,0,0,0,,,,,,0.107,"Thu, 23 Nov 2023 06:00:47 GMT",,,,,1.1,,,,,,https://sevenroofing.com.au/wp-content/uploads/2021/04/gutter_mountain_blue.png,26/02/2026 14:37
https://sevenroofing.com.au/wp-content/uploads/2021/04/gutter_federation_green.png,image/png,200,OK,Indexable,,,0,0,,0,0,,0,,0,,0,,0,,,,,,,,,,906,906,906,0.347,,0,,,,,0,2,4,,0,0,0,0,0,0,0,0,0,0,,,,,,0.101,"Thu, 23 Nov 2023 05:58:00 GMT",,,,,1.1,,,,,,https://sevenroofing.com.au/wp-content/uploads/2021/04/gutter_federation_green.png,26/02/2026 14:37
https://sevenroofing.com.au/wp-content/uploads/2021/04/roofing_bluestone.png,image/png,200,OK,Indexable,,,0,0,,0,0,,0,,0,,0,,0,,,,,,,,,,3219,3219,3219,1.233,,0,,,,,0,2,4,,0,0,0,0,0,0,0,0,0,0,,,,,,0.104,"Thu, 23 Nov 2023 05:58:11 GMT",,,,,1.1,,,,,,https://sevenroofing.com.au/wp-content/uploads/2021/04/roofing_bluestone.png,26/02/2026 14:37
https://sevenroofing.com.au/wp-content/uploads/2025/03/south-morang.png,image/png,200,OK,Indexable,,,0,0,,0,0,,0,,0,,0,,0,,,,,,,,,,132680,132680,132680,50.827,,0,,,,,0,2,4,,0,0,0,0,0,0,0,0,0,0,,,,,,0.136,"Wed, 12 Mar 2025 03:01:59 GMT",,,,,1.1,,,,,,https://sevenroofing.com.au/wp-content/uploads/2025/03/south-morang.png,26/02/2026 14:37
https://sevenroofing.com.au/wp-content/uploads/2023/04/Epping.jpg,image/jpeg,200,OK,Indexable,,,0,0,,0,0,,0,,0,,0,,0,,,,,,,,,,50701,50701,50701,19.423,,0,,,,,0,2,4,,0,0,0,0,0,0,0,0,0,0,,,,,,0.13,"Thu, 23 Nov 2023 06:06:54 GMT",,,,,1.1,,,,,,https://sevenroofing.com.au/wp-content/uploads/2023/04/Epping.jpg,26/02/2026 14:37
https://sevenroofing.com.au/wp-content/cache/min/1/wp-content/themes/sevenroofing/assets/css/contact.css?ver=1770204080,text/css,200,OK,Indexable,,,0,0,,0,0,,0,,0,,0,,0,,,,,,,,,,0,0,0,0,,0,,,,,0,2,9,,0,0,0,0,0,0,0,0,0,0,,,,,,0.114,"Wed, 04 Feb 2026 11:21:20 GMT",,,,,1.1,,,,,,https://sevenroofing.com.au/wp-content/cache/min/1/wp-content/themes/sevenroofing/assets/css/contact.css?ver=1770204080,26/02/2026 14:37
https://sevenroofing.com.au/wp-content/uploads/2021/12/Northern-Suburbs-VIC.png,image/png,200,OK,Indexable,,,0,0,,0,0,,0,,0,,0,,0,,,,,,,,,,52468,52468,52468,20.099,,0,,,,,0,2,4,,0,0,0,0,0,0,0,0,0,0,,,,,,0.137,"Thu, 23 Nov 2023 05:57:10 GMT",,,,,1.1,,,,,,https://sevenroofing.com.au/wp-content/uploads/2021/12/Northern-Suburbs-VIC.png,26/02/2026 14:37
https://sevenroofing.com.au/wp-content/uploads/2021/07/vermont.jpg,image/jpeg,200,OK,Indexable,,,0,0,,0,0,,0,,0,,0,,0,,,,,,,,,,53417,53417,53417,20.463,,0,,,,,0,2,4,,0,0,0,0,0,0,0,0,0,0,,,,,,0.137,"Thu, 23 Nov 2023 05:57:17 GMT",,,,,1.1,,,,,,https://sevenroofing.com.au/wp-content/uploads/2021/07/vermont.jpg,26/02/2026 14:37
https://sevenroofing.com.au/wp-content/uploads/2025/03/sunshine.png,image/png,200,OK,Indexable,,,0,0,,0,0,,0,,0,,0,,0,,,,,,,,,,129638,129638,129638,49.662,,0,,,,,0,2,4,,0,0,0,0,0,0,0,0,0,0,,,,,,0.13,"Wed, 12 Mar 2025 03:10:23 GMT",,,,,1.1,,,,,,https://sevenroofing.com.au/wp-content/uploads/2025/03/sunshine.png,26/02/2026 14:37
https://sevenroofing.com.au/wp-content/uploads/2025/03/avondale-heights.png,image/png,200,OK,Indexable,,,0,0,,0,0,,0,,0,,0,,0,,,,,,,,,,139568,139568,139568,53.466,,0,,,,,0,2,4,,0,0,0,0,0,0,0,0,0,0,,,,,,0.133,"Wed, 12 Mar 2025 03:11:04 GMT",,,,,1.1,,,,,,https://sevenroofing.com.au/wp-content/uploads/2025/03/avondale-heights.png,26/02/2026 14:37
https://sevenroofing.com.au/wp-content/uploads/2023/04/Preston.jpg,image/jpeg,200,OK,Indexable,,,0,0,,0,0,,0,,0,,0,,0,,,,,,,,,,75092,75092,75092,28.766,,0,,,,,0,2,4,,0,0,0,0,0,0,0,0,0,0,,,,,,0.144,"Thu, 23 Nov 2023 06:06:55 GMT",,,,,1.1,,,,,,https://sevenroofing.com.au/wp-content/uploads/2023/04/Preston.jpg,26/02/2026 14:37
https://sevenroofing.com.au/wp-content/uploads/2023/04/Coburg.jpg,image/jpeg,200,OK,Indexable,,,0,0,,0,0,,0,,0,,0,,0,,,,,,,,,,76919,76919,76919,29.466,,0,,,,,0,2,4,,0,0,0,0,0,0,0,0,0,0,,,,,,0.145,"Thu, 23 Nov 2023 06:06:48 GMT",,,,,1.1,,,,,,https://sevenroofing.com.au/wp-content/uploads/2023/04/Coburg.jpg,26/02/2026 14:37
https://sevenroofing.com.au/wp-content/uploads/2021/04/serv_roof_repair.jpg,image/jpeg,200,OK,Indexable,,,0,0,,0,0,,0,,0,,0,,0,,,,,,,,,,39770,39770,39770,15.235,,0,,,,,0,2,4,,0,0,0,0,0,0,0,0,0,0,,,,,,0.139,"Thu, 23 Nov 2023 06:00:27 GMT",,,,,1.1,,,,,,https://sevenroofing.com.au/wp-content/uploads/2021/04/serv_roof_repair.jpg,26/02/2026 14:37
https://sevenroofing.com.au/wp-content/uploads/2022/06/Thomastown.jpg,image/jpeg,200,OK,Indexable,,,0,0,,0,0,,0,,0,,0,,0,,,,,,,,,,34359,34359,34359,13.162,,0,,,,,0,2,4,,0,0,0,0,0,0,0,0,0,0,,,,,,0.133,"Thu, 23 Nov 2023 06:06:40 GMT",,,,,1.1,,,,,,https://sevenroofing.com.au/wp-content/uploads/2022/06/Thomastown.jpg,26/02/2026 14:37
https://sevenroofing.com.au/wp-content/uploads/2021/04/Roof-Restorations-733x422.jpg,image/jpeg,200,OK,Indexable,,,0,0,,0,0,,0,,0,,0,,0,,,,,,,,,,19215,19215,19215,7.361,,0,,,,,0,2,4,,0,0,0,0,0,0,0,0,0,0,,,,,,0.133,"Thu, 23 Nov 2023 05:58:19 GMT",,,,,1.1,,,,,,https://sevenroofing.com.au/wp-content/uploads/2021/04/Roof-Restorations-733x422.jpg,26/02/2026 14:37
https://sevenroofing.com.au/wp-content/uploads/2025/03/williamstown.png,image/png,200,OK,Indexable,,,0,0,,0,0,,0,,0,,0,,0,,,,,,,,,,81226,81226,81226,31.116,,0,,,,,0,2,4,,0,0,0,0,0,0,0,0,0,0,,,,,,0.125,"Wed, 12 Mar 2025 03:10:43 GMT",,,,,1.1,,,,,,https://sevenroofing.com.au/wp-content/uploads/2025/03/williamstown.png,26/02/2026 14:37
https://sevenroofing.com.au/wp-content/uploads/2021/04/roof-repair-733x422.jpg,image/jpeg,200,OK,Indexable,,,0,0,,0,0,,0,,0,,0,,0,,,,,,,,,,35083,35083,35083,13.44,,0,,,,,0,2,4,,0,0,0,0,0,0,0,0,0,0,,,,,,0.13,"Thu, 23 Nov 2023 05:58:24 GMT",,,,,1.1,,,,,,https://sevenroofing.com.au/wp-content/uploads/2021/04/roof-repair-733x422.jpg,26/02/2026 14:37
https://sevenroofing.com.au/wp-content/uploads/2022/06/Mill-Park.jpg,image/jpeg,200,OK,Indexable,,,0,0,,0,0,,0,,0,,0,,0,,,,,,,,,,34360,34360,34360,13.163,,0,,,,,0,2,4,,0,0,0,0,0,0,0,0,0,0,,,,,,0.139,"Thu, 23 Nov 2023 06:06:43 GMT",,,,,1.1,,,,,,https://sevenroofing.com.au/wp-content/uploads/2022/06/Mill-Park.jpg,26/02/2026 14:37
https://sevenroofing.com.au/wp-content/uploads/2021/04/roof-repair-8.jpg,image/jpeg,200,OK,Indexable,,,0,0,,0,0,,0,,0,,0,,0,,,,,,,,,,49447,49447,49447,18.942,,0,,,,,0,2,4,,0,0,0,0,0,0,0,0,0,0,,,,,,0.134,"Thu, 23 Nov 2023 06:00:42 GMT",,,,,1.1,,,,,,https://sevenroofing.com.au/wp-content/uploads/2021/04/roof-repair-8.jpg,26/02/2026 14:37
https://sevenroofing.com.au/wp-content/uploads/2025/03/st-albans.png,image/png,200,OK,Indexable,,,0,0,,0,0,,0,,0,,0,,0,,,,,,,,,,124991,124991,124991,47.882,,0,,,,,0,2,4,,0,0,0,0,0,0,0,0,0,0,,,,,,0.13,"Wed, 12 Mar 2025 03:11:00 GMT",,,,,1.1,,,,,,https://sevenroofing.com.au/wp-content/uploads/2025/03/st-albans.png,26/02/2026 14:37
https://sevenroofing.com.au/wp-content/themes/sevenroofing/assets/images/icon_user_light.svg,image/svg+xml,200,OK,Indexable,,,0,0,,0,0,,0,,0,,0,,0,,,,,,,,,,0,0,0,0,,0,,,,,0,2,5,,0,0,0,0,0,0,0,0,0,0,,,,,,0.102,"Thu, 23 Nov 2023 05:56:24 GMT",,,,,1.1,,,,,,https://sevenroofing.com.au/wp-content/themes/sevenroofing/assets/images/icon_user_light.svg,26/02/2026 14:37
https://sevenroofing.com.au/wp-content/cache/min/1/wp-content/themes/sevenroofing/assets/css/review.css?ver=1770219354,text/css,200,OK,Indexable,,,0,0,,0,0,,0,,0,,0,,0,,,,,,,,,,0,0,0,0,,0,,,,,0,2,9,,0,0,0,0,0,0,0,0,0,0,,,,,,0.114,"Wed, 04 Feb 2026 15:35:54 GMT",,,,,1.1,,,,,,https://sevenroofing.com.au/wp-content/cache/min/1/wp-content/themes/sevenroofing/assets/css/review.css?ver=1770219354,26/02/2026 14:37
https://sevenroofing.com.au/wp-content/uploads/2025/03/greenvale.png,image/png,200,OK,Indexable,,,0,0,,0,0,,0,,0,,0,,0,,,,,,,,,,97219,97219,97219,37.243,,0,,,,,0,2,4,,0,0,0,0,0,0,0,0,0,0,,,,,,0.136,"Wed, 12 Mar 2025 03:11:43 GMT",,,,,1.1,,,,,,https://sevenroofing.com.au/wp-content/uploads/2025/03/greenvale.png,26/02/2026 14:37
https://sevenroofing.com.au/wp-content/cache/min/1/wp-content/themes/sevenroofing/assets/css/service-detail.css?ver=1770203639,text/css,200,OK,Indexable,,,0,0,,0,0,,0,,0,,0,,0,,,,,,,,,,0,0,0,0,,0,,,,,0,2,9,,0,0,0,0,0,0,0,0,0,0,,,,,,0.113,"Wed, 04 Feb 2026 11:13:59 GMT",,,,,1.1,,,,,,https://sevenroofing.com.au/wp-content/cache/min/1/wp-content/themes/sevenroofing/assets/css/service-detail.css?ver=1770203639,26/02/2026 14:37
https://sevenroofing.com.au/wp-content/uploads/2025/03/moonee-ponds.png,image/png,200,OK,Indexable,,,0,0,,0,0,,0,,0,,0,,0,,,,,,,,,,130817,130817,130817,50.114,,0,,,,,0,2,4,,0,0,0,0,0,0,0,0,0,0,,,,,,0.142,"Wed, 12 Mar 2025 03:11:22 GMT",,,,,1.1,,,,,,https://sevenroofing.com.au/wp-content/uploads/2025/03/moonee-ponds.png,26/02/2026 14:37
https://sevenroofing.com.au/wp-content/uploads/2021/04/about.jpg,image/jpeg,200,OK,Indexable,,,0,0,,0,0,,0,,0,,0,,0,,,,,,,,,,38282,38282,38282,14.665,,0,,,,,0,2,4,,0,0,0,0,0,0,0,0,0,0,,,,,,0.145,"Thu, 23 Nov 2023 06:01:04 GMT",,,,,1.1,,,,,,https://sevenroofing.com.au/wp-content/uploads/2021/04/about.jpg,26/02/2026 14:37
https://sevenroofing.com.au/wp-content/uploads/2021/04/bg_inner_banner.jpg,image/jpeg,200,OK,Indexable,,,0,0,,0,0,,0,,0,,0,,0,,,,,,,,,,75899,75899,75899,29.075,,0,,,,,0,2,4,,0,0,0,0,0,0,0,0,0,0,,,,,,0.147,"Thu, 23 Nov 2023 05:58:55 GMT",,,,,1.1,,,,,,https://sevenroofing.com.au/wp-content/uploads/2021/04/bg_inner_banner.jpg,26/02/2026 14:37
https://sevenroofing.com.au/wp-content/cache/min/1/wp-content/themes/sevenroofing/assets/css/about.css?ver=1770210654,text/css,200,OK,Indexable,,,0,0,,0,0,,0,,0,,0,,0,,,,,,,,,,0,0,0,0,,0,,,,,0,2,9,,0,0,0,0,0,0,0,0,0,0,,,,,,0.114,"Wed, 04 Feb 2026 13:10:54 GMT",,,,,1.1,,,,,,https://sevenroofing.com.au/wp-content/cache/min/1/wp-content/themes/sevenroofing/assets/css/about.css?ver=1770210654,26/02/2026 14:37
https://sevenroofing.com.au/wp-content/uploads/2023/04/Brunswick.jpg,image/jpeg,200,OK,Indexable,,,0,0,,0,0,,0,,0,,0,,0,,,,,,,,,,79464,79464,79464,30.441,,0,,,,,0,2,4,,0,0,0,0,0,0,0,0,0,0,,,,,,0.147,"Thu, 23 Nov 2023 06:06:58 GMT",,,,,1.1,,,,,,https://sevenroofing.com.au/wp-content/uploads/2023/04/Brunswick.jpg,26/02/2026 14:37
https://sevenroofing.com.au/wp-content/plugins/wp-rocket/assets/js/wpr-beacon.min.js,application/javascript,200,OK,Indexable,,,0,0,,0,0,,0,,0,,0,,0,,,,,,,,,,0,0,0,0,,0,,,,,0,2,5,,0,0,0,0,0,0,0,0,0,0,,,,,,0.118,"Tue, 03 Feb 2026 08:25:41 GMT",,,,,1.1,,,,,,https://sevenroofing.com.au/wp-content/plugins/wp-rocket/assets/js/wpr-beacon.min.js,26/02/2026 14:37
https://sevenroofing.com.au/wp-content/uploads/2021/04/roof-guttering-733x422.jpg,image/jpeg,200,OK,Indexable,,,0,0,,0,0,,0,,0,,0,,0,,,,,,,,,,30457,30457,30457,11.667,,0,,,,,0,2,4,,0,0,0,0,0,0,0,0,0,0,,,,,,0.193,"Thu, 23 Nov 2023 05:58:28 GMT",,,,,1.1,,,,,,https://sevenroofing.com.au/wp-content/uploads/2021/04/roof-guttering-733x422.jpg,26/02/2026 14:37
https://sevenroofing.com.au/wp-content/uploads/2021/04/roof_replacement-733x422.jpg,image/jpeg,200,OK,Indexable,,,0,0,,0,0,,0,,0,,0,,0,,,,,,,,,,38344,38344,38344,14.689,,0,,,,,0,2,4,,0,0,0,0,0,0,0,0,0,0,,,,,,0.197,"Thu, 23 Nov 2023 05:59:52 GMT",,,,,1.1,,,,,,https://sevenroofing.com.au/wp-content/uploads/2021/04/roof_replacement-733x422.jpg,26/02/2026 14:37
https://sevenroofing.com.au/wp-content/uploads/2025/03/essendon.png,image/png,200,OK,Indexable,,,0,0,,0,0,,0,,0,,0,,0,,,,,,,,,,138525,138525,138525,53.066,,0,,,,,0,2,4,,0,0,0,0,0,0,0,0,0,0,,,,,,0.242,"Wed, 12 Mar 2025 03:10:51 GMT",,,,,1.1,,,,,,https://sevenroofing.com.au/wp-content/uploads/2025/03/essendon.png,26/02/2026 14:37
https://sevenroofing.com.au/wp-content/uploads/2021/04/roofing_repairs_03-733x422.jpg,image/jpeg,200,OK,Indexable,,,0,0,,0,0,,0,,0,,0,,0,,,,,,,,,,41647,41647,41647,15.954,,0,,,,,0,2,4,,0,0,0,0,0,0,0,0,0,0,,,,,,0.269,"Thu, 23 Nov 2023 05:58:14 GMT",,,,,1.1,,,,,,https://sevenroofing.com.au/wp-content/uploads/2021/04/roofing_repairs_03-733x422.jpg,26/02/2026 14:37
https://sevenroofing.com.au/areas-we-serve/fairfield/,text/html; charset=UTF-8,200,OK,Indexable,,Roof Repairs & Restoration Fairfield | Roof Leak & Gutter Replacement,69,622,"For professional roof restoration, repair, painting, and cleaning services, along with gutter cleaning in Fairfield, call the insured team at Seven Roofing today.",162,958,,0,Roof Restoration Fairfield,26,Roofing Services Available In Fairfield,39,Comprehensive Roof Repairs in Fairfield,39,"follow, index, max-snippet:-1, max-video-preview:-1, max-image-preview:large",,,https://sevenroofing.com.au/areas-we-serve/fairfield/,,,,,,143922,34393,34393,13.175,,1313,214,6.136,72.902,Fairly Easy,5.905,2,2,,25,24,0,70.59,79,34,0,0,0,0,,,,,3c691564a18e8895bbb38d3b3ef57adf,0.258,"Wed, 25 Feb 2026 17:09:42 GMT",,,,en-AU,1.1,,,,,,https://sevenroofing.com.au/areas-we-serve/fairfield/,26/02/2026 14:37
https://sevenroofing.com.au/wp-content/uploads/2021/04/roofing_repairs_02-733x422.jpg,image/jpeg,200,OK,Indexable,,,0,0,,0,0,,0,,0,,0,,0,,,,,,,,,,37728,37728,37728,14.453,,0,,,,,0,2,4,,0,0,0,0,0,0,0,0,0,0,,,,,,0.184,"Thu, 23 Nov 2023 06:01:11 GMT",,,,,1.1,,,,,,https://sevenroofing.com.au/wp-content/uploads/2021/04/roofing_repairs_02-733x422.jpg,26/02/2026 14:37
https://sevenroofing.com.au/wp-content/uploads/2022/06/Fairfield.jpg,image/jpeg,200,OK,Indexable,,,0,0,,0,0,,0,,0,,0,,0,,,,,,,,,,40021,40021,40021,15.331,,0,,,,,0,3,4,,0,0,0,0,0,0,0,0,0,0,,,,,,0.029,"Thu, 23 Nov 2023 06:06:41 GMT",,,,,1.1,,,,,,https://sevenroofing.com.au/wp-content/uploads/2022/06/Fairfield.jpg,26/02/2026 14:37
